street_id,street,distance_m,distance_km,tree,building,road,sky,along_park,inner_river_0,inner_area,inner_avenue_0,inner_avenue_1,inner_avenue_2,total,other,extra,city,inner_river_1,inner_river_2,inner_river_3,cos_simil,euclid_dist,cos_simil100,euclid_dist100,cos_simil250,euclid_dist250,cos_simil500,euclid_dist500,included,not_included,incl_prob,cluster,cluster_type,betweenness_centrality,east,south,west,north,dist_east,dist_west,dist_north,dist_south
0,1,1051,1.051,2,40,41,14,0,0,0,0,0,1,97,3,0,Kiyosumi,0,0,0,0.8723056736617301,28.93743250532085,0.9622244352420434,16.376937492481712,0.9873421860739016,9.659659816876461,0.994752180633544,6.468482808299783,1,49,0.02,2,scape_second_built,0.0033926794774673035,0.6012151967239582,0.0,0.0,0.3987848032760418,0.63187717175688,0.0,0.4191228282431199,0.0
1,2,809,0.809,3,36,43,18,0,0,0,0,0,1,100,0,0,Kiyosumi,0,0,0,0.8835199781444113,27.647332601898505,0.9650995363469552,15.763559113295686,0.9797928255245559,11.932827037676828,0.9884011943274494,9.140872800534726,3,47,0.06,3,scape_road_sky,0.0032991949507440487,0.4601815153386126,0.0,0.0,0.5398184846613874,0.3722868459089376,0.0,0.4367131540910624,0.0
2,3,634,0.634,0,54,41,3,0,0,0,0,0,1,98,2,0,Kiyosumi,0,0,0,0.8128384513967368,39.59640135163801,0.9147876271651986,28.66911870544573,0.9624815857287315,20.669438658184323,0.9647671945391528,20.02220989024161,3,47,0.06,1,scape_most_built,0.008556718308324135,0.2626700304427756,0.0,0.0,0.7373299695572244,0.16653279930071974,0.0,0.46746720069928027,0.0
3,4,634,0.634,8,37,40,13,0,0,0,0,1,0,98,2,0,Kiyosumi,0,0,0,0.9200705836534762,22.21204628124118,0.9860115412280284,9.661621953663381,0.9972293989293656,4.2397752823050014,0.9993237586519036,2.0854750895674496,3,47,0.06,2,scape_second_built,0.008712342890169115,0.08130738932233908,0.0,0.0,0.9186926106776608,0.051548884830362976,0.0,0.582451115169637,0.0
4,5,748,0.748,4,38,39,16,0,0,0,0,1,0,97,3,0,Kiyosumi,0,0,0,0.8850525843519862,26.67161412438325,0.9689103040531988,14.169527522259932,0.9897334417349354,8.153262809724977,0.9960241093788528,5.083430912412386,3,47,0.06,2,scape_second_built,0.010217964161975773,0.0,0.0,0.04967912846157943,0.9503208715384206,0.0,0.037159988089261416,0.7108400119107386,0.0
5,6,825,0.825,10,35,38,13,0,0,0,0,1,0,96,4,0,Kiyosumi,0,0,0,0.9345019233157938,19.503204864842086,0.9915175601944406,7.065293153644707,0.9972081193908994,4.431970341858247,0.997742037694588,4.279890222594538,3,47,0.06,2,scape_second_built,,0.0,0.0,0.1321329376148905,0.8678670623851095,0.0,0.10900967353228466,0.7159903264677153,0.0
6,7,667,0.667,0,36,43,18,0,0,0,0,1,0,97,3,0,Kiyosumi,0,0,0,0.8620289516490067,29.989581524256053,0.953339371120448,17.973903985773262,0.9723338194460702,13.843495263520374,0.9841967937168942,10.561986345169908,3,47,0.06,3,scape_road_sky,0.010225334706311495,0.0,0.0,0.2345557261874099,0.7654442738125901,0.0,0.1564486693670024,0.5105513306329976,0.0
7,8,558,0.5579999999999999,17,29,39,12,0,0,0,0,1,0,97,3,0,Kiyosumi,0,0,0,0.9807133608741236,10.434318377354604,0.998573306210155,2.962348764761102,0.9780052931774368,11.813510391825867,0.9729825222550282,13.186091758857732,3,47,0.06,0,scape_most_green,0.007430451418953347,0.0,0.0,0.3411805524212547,0.6588194475787452,0.0,0.1903787482510601,0.3676212517489398,0.0
8,9,558,0.5579999999999999,3,47,38,10,0,0,0,0,1,0,98,2,0,Kiyosumi,0,0,0,0.8526602703877196,32.076081431496576,0.9473817522412368,20.126132874692946,0.985696074626634,11.28313022958513,0.9882679383033232,10.26474935714844,3,47,0.06,2,scape_second_built,0.012665744743412763,0.0,0.0,0.3018681705757054,0.6981318294242945,0.0,0.1684424391812436,0.3895575608187563,0.0
9,10,653,0.653,0,50,33,16,0,0,0,0,1,0,99,1,0,Kiyosumi,0,0,0,0.7976488411026481,37.59487997054918,0.9117250126414654,25.627631771275354,0.9648287927462852,16.752383744145526,0.9692455677746232,15.691469727919754,3,47,0.06,1,scape_most_built,0.010222369481678092,0.0,0.0,0.19524334434186053,0.8047566556581394,0.0,0.12749390385523493,0.5255060961447651,0.0
10,11,653,0.653,0,45,40,13,0,0,0,0,1,0,98,2,0,Kiyosumi,0,0,0,0.8422815538757631,33.247180331570966,0.9442014786318814,20.775770817498554,0.9816314269599687,12.595330925033732,0.9885753613891992,10.304876330673556,3,47,0.06,2,scape_second_built,0.006354591921008704,0.0,0.0,0.19455778120997988,0.8054422187900201,0.0,0.12704623113011687,0.5259537688698831,0.0
11,12,694,0.6940000000000001,0,60,30,9,0,0,0,0,1,0,99,1,0,Kiyosumi,0,0,0,0.7495768385774735,44.87621864640558,0.8677228508995466,34.01140264975971,0.9353221314631734,25.04613798128921,0.9348303674406656,24.98443960192468,3,47,0.06,1,scape_most_built,0.005808828504645912,0.0,0.0,0.1314473744830097,0.8685526255169903,0.0,0.09122447789120873,0.6027755221087914,0.0
12,13,694,0.6940000000000001,0,52,38,8,0,0,0,0,1,0,98,2,0,Kiyosumi,0,0,0,0.8140409897920527,37.7143871751882,0.9206460776396258,26.053320521654854,0.9699060379875372,17.288503726786512,0.9731864809496736,16.380398661737757,3,47,0.06,1,scape_most_built,0.011626177141609276,0.0,0.0,0.0715153330024128,0.9284846669975872,0.0,0.04963164110367449,0.6443683588963256,0.0
13,14,625,0.625,0,47,35,17,0,0,0,0,1,0,99,1,0,Kiyosumi,0,0,0,0.8147630405220716,35.558051127698214,0.9252326000885284,23.30980349070988,0.9718090873134482,14.766821857724759,0.9778259798985888,13.176458083227356,3,47,0.06,2,scape_second_built,0.00560755199715189,0.010252913019017484,0.0,0.0,0.9897470869809826,0.006408070636885928,0.0,0.6185919293631141,0.0
14,15,510,0.51,0,50,36,12,0,0,0,0,1,0,98,2,0,Kiyosumi,0,0,0,0.8136882808448399,36.570138091070966,0.9230907026272936,24.51655001197755,0.9724288053266192,15.5045916138127,0.9767571236788232,14.318375362305353,3,47,0.06,1,scape_most_built,0.009931725137091629,0.11174953833159727,0.0,0.0,0.8882504616684028,0.05699226454911461,0.0,0.45300773545088546,0.0
15,16,510,0.51,5,35,42,9,0,0,0,0,1,0,91,9,0,Kiyosumi,0,0,0,0.9047482168561792,24.11171914235897,0.9730698631333844,13.035273965166164,0.9817868485884866,10.726557126020342,0.9880496050256454,8.72143864643283,3,47,0.06,2,scape_second_built,0.0037401561838938673,0.194523613392781,0.0,0.0,0.8054763866072191,0.09920704283031831,0.0,0.4107929571696817,0.0
16,17,540,0.54,1,42,44,10,0,0,0,0,1,0,97,3,0,Kiyosumi,0,0,0,0.8674192655291101,30.71441029875065,0.9573934941878128,18.60656017733136,0.9836777851823992,12.075140900949268,0.9909523837492672,9.526904259091973,3,47,0.06,2,scape_second_built,0.009500105772187656,0.17010577735224194,0.0,0.0,0.829894222647758,0.09185711977021066,0.0,0.4481428802297894,0.0
17,18,540,0.54,0,64,28,7,0,0,0,0,0,1,99,1,0,Kiyosumi,0,0,0,0.7233056298097389,48.54765699804678,0.8430463541087136,38.15275420020453,0.9162084598591906,29.34806684907505,0.9139728257734678,29.51620485777853,3,47,0.06,1,scape_most_built,0.0075957734468444435,0.31059719546577386,0.0,0.0,0.6894028045342261,0.1677224855515179,0.0,0.3722775144484821,0.0
18,19,742,0.742,0,48,43,9,0,0,0,0,0,1,100,0,0,Kiyosumi,0,0,0,0.8412373618914629,35.21185879785389,0.9404944046111128,23.328182133047854,0.9786862035378132,15.4237596295816,0.984063890216475,13.826590439244347,3,47,0.06,2,scape_second_built,0.007474611013519561,0.39355133958873695,0.0,0.0,0.6064486604112631,0.2920150939748428,0.0,0.4499849060251572,0.0
19,20,492,0.4920000000000001,17,30,36,8,0,0,0,0,0,1,91,9,0,Kiyosumi,0,0,0,0.973184712179026,12.262748468430722,0.9902463338837332,7.740695533796607,0.9730180091161632,13.303221205574404,0.9665821606380234,14.844164050198527,3,47,0.06,0,scape_most_green,0.009082642515727978,0.5694595061299372,0.0,0.0,0.4305404938700628,0.28017407701592917,0.0,0.21182592298407096,0.0
20,21,492,0.4920000000000001,16,30,36,8,0,1,1,0,0,1,90,10,0,Kiyosumi,0,0,0,0.9675252911522724,13.46755360115563,0.9883725435256586,8.412818208191691,0.9727513220785056,13.393743356922705,0.9675491764866506,14.686134266121217,28,22,0.56,0,scape_most_green,0.014426244512173862,0.7504361455781107,0.0,0.0,0.2495638544218893,0.36921458362443055,0.0,0.12278541637556957,0.0
21,22,654,0.654,0,55,34,10,0,1,1,0,0,1,99,1,0,Kiyosumi,0,0,0,0.7877288370237123,40.3469329689383,0.90093484067997,28.867749111690546,0.9587623944920032,19.787850509284173,0.9606394453172536,19.27165860523752,25,25,0.5,1,scape_most_built,0.012438464048629486,0.7922255677825177,0.0,0.0,0.2077744322174823,0.5181155213297666,0.0,0.13588447867023343,0.0
22,23,742,0.742,17,38,26,4,0,0,0,0,0,1,85,15,0,Kiyosumi,0,0,0,0.8925431226970367,24.338755103743487,0.9255913313356608,20.42207688972392,0.9355922102583664,19.785744728072387,0.9236627142675796,21.647244041752163,4,46,0.08,0,scape_most_green,0.00750586884760296,0.6778791040842199,0.0,0.0,0.3221208959157801,0.5029862952304912,0.0,0.2390137047695088,0.0
23,24,742,0.742,0,63,30,6,0,1,1,0,0,1,99,1,0,Kiyosumi,0,0,0,0.7372700245690584,47.34844242422342,0.8547421575995221,36.86544756936766,0.9247908400683345,28.063482103576845,0.9230127654910336,28.166737108956713,17,33,0.34,1,scape_most_built,0.013489594109940242,0.8108682959901184,0.0,0.0,0.18913170400988152,0.6016642756246678,0.0,0.1403357243753321,0.0
24,25,820,0.82,0,65,30,3,0,1,1,0,0,1,98,2,0,Kiyosumi,0,0,0,0.7274397107231011,49.19730683685847,0.8436741606402202,39.06300509877522,0.9149996373717612,30.473633867839126,0.9123421999784904,30.677534306249434,17,33,0.34,1,scape_most_built,0.011285152417250768,0.8323535527420796,0.0,0.0,0.16764644725792044,0.6825299132485052,0.0,0.13747008675149475,0.0
25,26,967,0.9670000000000001,24,22,40,11,0,0,0,0,0,1,97,3,0,Kiyosumi,0,0,0,0.9972123421907114,3.9843443626273065,0.9719473173536036,12.65717510476382,0.9224978010235488,21.640448881152572,0.912356877758282,23.15235940529056,2,48,0.04,0,scape_most_green,0.01139522640561288,0.7471704091740852,0.0,0.0,0.25282959082591483,0.7225137856713404,0.0,0.24448621432865966,0.0
26,27,931,0.9309999999999999,20,27,42,5,0,1,1,0,0,1,94,6,0,Kiyosumi,0,0,0,0.9887410367947512,8.147085368400163,0.9843794160234156,9.572494610143403,0.950728254013134,17.391828381295753,0.9429142258189523,18.836809624386955,17,33,0.34,0,scape_most_green,0.011018349571961652,0.8685093880664422,0.0,0.0,0.1314906119335578,0.8085822402898576,0.0,0.1224177597101423,0.0
27,28,931,0.9309999999999999,12,21,43,18,0,1,1,0,1,0,94,6,0,Kiyosumi,0,0,0,0.9444576259069196,17.68827295130873,0.9668274101125404,13.760339340856031,0.9335247638449014,20.078405342833157,0.9394181322827632,19.354668031334835,16,34,0.32,3,scape_road_sky,,0.9124383040557488,0.0,0.0,0.08756169594425134,0.849480061075902,0.0,0.08151993892409799,0.0
28,29,764,0.764,13,41,39,3,0,1,1,0,1,0,96,4,0,Kiyosumi,0,0,0,0.9290825228401272,21.572552004804624,0.9768641056626822,12.858730060760676,0.9874002855095152,9.352844190108401,0.9812271065552,11.261678241958293,18,32,0.36,2,scape_second_built,0.008716793282872027,0.8841605064787856,0.0,0.0,0.11583949352121435,0.6754986269497922,0.0,0.08850137305020776,0.0
29,30,764,0.764,0,53,31,9,0,1,1,0,0,1,93,7,0,Kiyosumi,0,0,0,0.7785773897143405,39.46359081482576,0.8923705936328449,28.252505758474822,0.9509628351988432,19.6144256720518,0.9533647423312624,19.097909800032006,17,33,0.34,1,scape_most_built,0.008739607831776044,0.8480046711544228,0.0,0.0,0.15199532884557718,0.647875568761979,0.0,0.11612443123802096,0.0
30,31,764,0.764,0,48,29,10,0,1,1,0,1,0,87,13,0,Kiyosumi,0,0,0,0.7765567815424078,37.648041117699606,0.8881947256307318,26.911040144012517,0.9419916869380698,19.633534945201394,0.9466028880697313,18.873009198071088,16,34,0.32,1,scape_most_built,0.00803910019354725,0.902673666243699,0.0,0.0,0.097326333756301,0.6896426810101861,0.0,0.07435731898981396,0.0
31,32,683,0.6829999999999999,11,38,40,8,0,1,1,0,1,0,97,3,0,Kiyosumi,0,0,0,0.9361363069623104,20.00937280376374,0.9894862047789444,8.614179103817907,0.9971292673895508,4.375198408199464,0.9949466037220764,5.715476066494082,18,32,0.36,2,scape_second_built,,0.8721689606695102,0.0,0.0,0.12783103933048984,0.5956914001372754,0.0,0.08730859986272455,0.0
32,33,683,0.6829999999999999,2,38,43,14,0,1,1,0,0,1,97,3,0,Kiyosumi,0,0,0,0.8801699992079077,28.113608804278396,0.9656036205200388,15.754494013856904,0.9849196096254962,10.494873086946367,0.9933789397823914,7.184639700016112,25,25,0.5,2,scape_second_built,0.0052403688009144975,0.8350325855052056,0.0,0.0,0.16496741449479435,0.5703272559000554,0.0,0.11267274409994453,0.0
33,34,683,0.6829999999999999,14,28,36,18,0,1,1,0,1,0,96,4,0,Kiyosumi,0,0,0,0.9546763497027072,15.854809995707926,0.9878530037109374,8.580947095817832,0.9734498449595383,13.24357810831767,0.972737815044432,13.62770287738494,26,24,0.52,3,scape_road_sky,,0.8962521397225027,0.0,0.0,0.10374786027749726,0.6121402114304693,0.0,0.07085978856953062,0.0
34,35,597,0.597,1,46,44,8,0,1,1,0,1,0,99,1,0,Kiyosumi,0,0,0,0.8561489457654857,33.2020330702805,0.9490524145606986,21.445707434051663,0.98164584690598,14.105874465783556,0.9869062626259592,12.42245790161755,28,22,0.56,2,scape_second_built,0.007794048538124912,0.8603354368874462,0.0,0.0,0.13966456311255387,0.5136202558218054,0.0,0.08337974417819466,0.0
35,36,597,0.597,0,64,25,7,0,1,1,0,0,1,96,4,0,Kiyosumi,0,0,0,0.7047936276030157,49.283617967839966,0.8263661557550932,39.10686562197885,0.9026155758581512,30.47226653496221,0.9000814171735866,30.697706858154827,30,20,0.6,1,scape_most_built,0.011030417479935243,0.8175284191647582,0.0,0.0,0.1824715808352418,0.4880644662413606,0.0,0.10893553375863935,0.0
36,37,597,0.597,0,63,26,10,0,1,1,0,1,0,99,1,0,Kiyosumi,0,0,0,0.7160703795059004,48.24805695569511,0.8384813794203109,37.75376721302803,0.9131963502009914,28.91756722901227,0.9113300998016806,29.05659502222712,29,21,0.58,1,scape_most_built,0.008012208854466659,0.8868797108277656,0.0,0.0,0.11312028917223435,0.5294671873641761,0.0,0.0675328126358239,0.0
37,38,437,0.4370000000000001,3,44,44,7,0,1,1,0,1,0,98,2,0,Kiyosumi,0,0,0,0.8751186838343458,30.395312138551887,0.9592153762377748,18.85064823223621,0.9856733578572432,12.085488313584097,0.9897409103439552,10.575503290211287,31,19,0.62,2,scape_second_built,0.002955282272858995,0.8311026794041234,0.0,0.0,0.16889732059587664,0.36319187089960203,0.0,0.0738081291003981,0.0
38,39,437,0.4370000000000001,11,38,42,6,0,1,1,0,0,1,97,3,0,Kiyosumi,0,0,0,0.9369554488359912,20.331625611347466,0.9874547854252408,9.851965514038096,0.9928694715663274,7.128045158230819,0.9907659128780176,7.950242084763786,35,15,0.7,2,scape_second_built,0.007121067332251488,0.7640104058174755,0.0,0.0,0.2359895941825245,0.33387254734223687,0.0,0.10312745265776323,0.0
39,40,437,0.4370000000000001,1,44,42,12,0,1,1,0,1,0,99,1,0,Kiyosumi,0,0,0,0.857597397010154,31.896316401741448,0.9529021785944898,19.55004045092115,0.9850161570548258,11.852244278804099,0.9914079117675618,9.540223949985293,43,7,0.86,2,scape_second_built,0.011018209731431873,0.8572787276087427,0.0,0.0,0.14272127239125734,0.37463080396502063,0.0,0.06236919603497947,0.0
40,41,492,0.4920000000000001,0,63,31,4,0,1,1,0,1,0,98,2,0,Kiyosumi,0,0,0,0.7407913875851642,47.27446456597896,0.8562980172363934,36.91191942880196,0.9249772465754637,28.242562934533954,0.9231488058657296,28.348175384300266,29,21,0.58,1,scape_most_built,,0.9130557590323852,0.0,0.0,0.0869442409676149,0.4492234334439336,0.0,0.042776566556066535,0.0
41,42,653,0.653,0,64,30,6,0,1,1,0,1,0,100,0,0,Kiyosumi,0,0,0,0.7336057763956605,48.22214221703553,0.8513901266516348,37.79536738700085,0.9223098098054472,28.99527020816403,0.9201973349600392,29.133518578467392,26,24,0.52,1,scape_most_built,0.008180224581296351,0.922796413662822,0.0,0.0,0.07720358633717789,0.6025860581218228,0.0,0.05041394187817716,0.0
42,43,733,0.733,7,57,28,3,0,1,1,0,1,0,95,5,0,Kiyosumi,0,0,0,0.7880181210383208,39.590087143122076,0.8811900622487265,30.45706244963924,0.9375775273760918,22.698583533878153,0.9305931858609732,23.70720873556704,16,34,0.32,1,scape_most_built,0.021896489053823458,0.9267568452966914,0.0,0.0,0.07324315470330857,0.6793127676024748,0.0,0.05368723239752518,0.0
43,44,817,0.8170000000000001,3,62,30,3,0,1,1,0,1,0,98,2,0,Kiyosumi,0,0,0,0.7563156767959397,45.17604453690032,0.8631636397890853,35.34206027511407,0.9281406174046312,26.942389669647174,0.9237010268079392,27.439399317780897,16,34,0.32,1,scape_most_built,0.019499094625951667,0.9309514638206621,0.0,0.0,0.06904853617933797,0.7605873459414809,0.0,0.05641265405851913,0.0
44,45,911,0.9109999999999999,6,25,47,20,0,1,1,0,1,0,98,2,0,Kiyosumi,0,0,0,0.9067739116246388,24.16350554038052,0.958070781099484,16.429192534842933,0.9421486456033648,19.290991708854968,0.9531384085449244,17.417378659404505,16,34,0.32,3,scape_road_sky,,0.9602388618627684,0.0,0.0,0.03976113813723146,0.8747776031569819,0.0,0.036222396843017854,0.0
45,46,911,0.9109999999999999,5,26,47,20,0,1,0,0,1,0,98,2,0,Kiyosumi,0,0,0,0.9008772044553518,25.027484891614666,0.9573949765894436,16.6794508792302,0.9451987915062656,18.8606917806438,0.956793752405968,16.795691057388446,15,35,0.3,3,scape_road_sky,,0.968596992001554,0.031403007998445934,0.0,0.0,0.8823918597134156,0.0,0.0,0.028608140286584243
46,47,744,0.7440000000000001,2,43,42,12,0,1,1,0,1,0,99,1,0,Kiyosumi,0,0,0,0.8675016572316452,30.5102441812582,0.9586729470855908,18.163655120788288,0.9877368698490762,10.6250816990323,0.9935691309992526,8.263517065131182,16,34,0.32,2,scape_second_built,0.049490112821283516,0.9908997478891796,0.0,0.0,0.009100252110820387,0.7372294124295496,0.0,0.006770587570450369,0.0
47,48,744,0.7440000000000001,0,60,27,8,0,1,1,0,1,0,95,5,0,Kiyosumi,0,0,0,0.7313703842590544,45.56725798202038,0.8509791255807515,35.02127633194381,0.9216842913057812,26.32126569482892,0.9208306783674028,26.3505067569716,16,34,0.32,1,scape_most_built,0.015693728068830827,0.9616123498470732,0.0,0.0,0.0383876501529269,0.7154395882862226,0.0,0.02856041171377762,0.0
48,49,744,0.7440000000000001,0,56,33,11,0,1,0,0,1,0,100,0,0,Kiyosumi,0,0,0,0.7792013969848761,41.36272476517958,0.8942765704674706,29.95574967807533,0.9544768009399598,20.854073010112703,0.9559407774755018,20.43339936290116,15,35,0.3,1,scape_most_built,0.014746630822253476,0.9516905947292156,0.04830940527078443,0.0,0.0,0.7080578024785364,0.0,0.0,0.03594219752146362
49,50,658,0.6579999999999999,8,46,36,8,0,1,1,0,1,0,98,2,0,Kiyosumi,0,0,0,0.8817202509353409,28.0958181941726,0.9595077828856504,17.102333054831067,0.9908813247136048,8.566934172217682,0.9882070776030292,9.417983473037774,16,34,0.32,2,scape_second_built,0.00851156517412895,0.9974785076466586,0.0,0.0,0.002521492353341475,0.6563408580315012,0.0,0.0016591419684986904,0.0
50,51,658,0.6579999999999999,2,41,43,13,0,1,1,0,1,0,99,1,0,Kiyosumi,0,0,0,0.8738816200375207,29.586736893412226,0.9623946809138568,17.21887905522213,0.9870749427400464,10.577918562321754,0.9939688246359286,7.797028330950887,26,24,0.52,2,scape_second_built,0.01718293117602811,0.962623003096277,0.0,0.0,0.03737699690372299,0.6334059360373502,0.0,0.024594063962649723,0.0
51,52,658,0.6579999999999999,9,37,41,11,0,1,0,0,1,0,98,2,0,Kiyosumi,0,0,0,0.9287737407434948,21.15124109833747,0.9890757904323652,8.827138117585948,0.9974215880114576,4.200281075250931,0.9983066953036356,3.357058425145635,25,25,0.5,2,scape_second_built,0.01847636083252176,0.9387258162753828,0.06127418372461714,0.0,0.0,0.6176815871092017,0.0,0.0,0.04031841289079807
52,53,587,0.5870000000000001,8,32,40,8,0,1,1,0,1,0,88,12,0,Kiyosumi,0,0,0,0.9218318518047948,21.1748671778597,0.9747327867992354,12.091487982570758,0.9736592023923734,12.782502145945882,0.9777398892245432,11.928357568656061,26,24,0.52,2,scape_second_built,,0.9937216758187181,0.006278324181281885,0.0,0.0,0.5833146237055876,0.0,0.0,0.0036853762944124673
53,54,587,0.5870000000000001,0,61,31,8,0,1,1,0,1,0,100,0,0,Kiyosumi,0,0,0,0.7506848768690175,45.53981774227912,0.8678733571145917,34.751009381904645,0.9352262046537944,25.812962398333468,0.9343902289132902,25.785439474418286,29,21,0.58,1,scape_most_built,0.0032726816957035078,0.9664517347478272,0.0,0.0,0.03354826525217287,0.5673071682969746,0.0,0.019692831703025476,0.0
54,55,587,0.5870000000000001,5,37,32,26,0,1,0,0,1,0,100,0,0,Kiyosumi,0,0,0,0.8396097253428709,30.917228206939892,0.9289353666914268,20.69999507049138,0.9548489996107484,16.772269607234964,0.9607459199598368,15.72481609653484,28,22,0.56,3,scape_road_sky,0.01989227891587901,0.9285154197888326,0.07148458021116745,0.0,0.0,0.5450385514160447,0.0,0.0,0.0419614485839553
55,56,424,0.424,3,41,40,15,0,1,1,0,1,0,99,1,0,Kiyosumi,0,0,0,0.8731910255853333,28.93743250532085,0.9625589351200938,16.411792674035038,0.9892707384814392,9.067838465943494,0.9951304679858336,6.374552583116765,29,21,0.58,2,scape_second_built,0.014406727033863968,0.9668089001597848,0.03319109984021509,0.0,0.0,0.4099269736677488,0.0,0.0,0.014073026332251196
56,57,424,0.424,0,53,40,7,0,1,1,0,1,0,100,0,0,Kiyosumi,0,0,0,0.8163853060731163,38.579463448835064,0.9211781363769128,27.112012549602362,0.9693548696652604,18.58697647398426,0.9722726058103304,17.75583963854825,43,7,0.86,1,scape_most_built,0.021326859849780385,0.9797951241247732,0.0,0.0,0.020204875875226787,0.41543313262890386,0.0,0.008566867371096158,0.0
57,58,424,0.424,0,46,42,12,0,1,0,0,1,0,100,0,0,Kiyosumi,0,0,0,0.8443350978181624,33.990807580873984,0.9445321501459508,21.72368217745184,0.9811825897581734,13.755933063389213,0.987641969538014,11.710800875382395,42,8,0.84,2,scape_second_built,0.010172583932323252,0.8854596282222924,0.11454037177770762,0.0,0.0,0.37543488236625194,0.0,0.0,0.04856511763374803
58,59,496,0.496,2,44,40,14,0,1,0,0,1,0,100,0,0,Kiyosumi,0,0,0,0.8581504163089265,31.39068333120513,0.9533950722181034,18.986568829527027,0.9865648367044876,10.880825387401046,0.9919703259704498,8.783100656536796,41,9,0.82,2,scape_second_built,0.027295789517146462,0.7929337065590131,0.20706629344098687,0.0,0.0,0.3932951184532705,0.0,0.0,0.10270488154672949
59,60,496,0.496,6,39,34,21,0,1,0,0,1,0,100,0,0,Kiyosumi,0,0,0,0.8686133058810881,28.18465894773254,0.9536987428653276,16.892215330604515,0.9793867680298368,11.386059946755552,0.9829497576365632,10.402991022884821,28,22,0.56,2,scape_second_built,0.02685266840593184,0.8471661478513404,0.15283385214865966,0.0,0.0,0.42019440933426483,0.0,0.0,0.0758055906657352
60,61,682,0.682,1,59,30,10,0,1,0,0,1,0,100,0,0,Kiyosumi,0,0,0,0.7597158265713262,43.59902521846103,0.8751664821480112,32.748889995210035,0.9406067828890484,23.779732850569296,0.9396082502374292,23.80142719476999,27,23,0.54,1,scape_most_built,0.02145316646772765,0.8276848127586535,0.1723151872413466,0.0,0.0,0.5644810423014017,0.0,0.0,0.11751895769859838
61,62,682,0.682,11,40,33,16,0,1,0,0,1,0,100,0,0,Kiyosumi,0,0,0,0.9052364348036812,23.735521902835842,0.9720394191315076,13.002354574837431,0.9922536413882757,6.956461824168311,0.989061361097597,8.341900358269783,25,25,0.5,2,scape_second_built,0.014166628169683403,0.8735195602454969,0.12648043975450302,0.0,0.0,0.5957403400874289,0.0,0.0,0.08625965991257106
62,63,741,0.741,18,28,43,8,0,1,0,0,1,0,97,3,0,Kiyosumi,0,0,0,0.9858133703629014,9.293815147720553,0.9934860220736434,6.3406688631920405,0.9655295686104028,14.605102799288266,0.9600684027409916,15.818414023606234,24,26,0.48,0,scape_most_green,,0.8273603901077978,0.17263960989220226,0.0,0.0,0.6130740490698782,0.0,0.0,0.12792595093012188
63,64,741,0.741,16,35,40,9,0,1,0,0,1,0,100,0,0,Kiyosumi,0,0,0,0.9653511859633532,14.709690683355653,0.9964395899938336,5.2566769979925985,0.9902717879278932,7.830008159496247,0.9838152709061692,10.140285835487916,15,35,0.3,0,scape_most_green,0.017427383567088412,0.8878949186512569,0.11210508134874304,0.0,0.0,0.6579301347205814,0.0,0.0,0.08306986527941859
64,65,831,0.831,3,54,32,10,0,1,0,0,1,0,99,1,0,Kiyosumi,0,0,0,0.8023793203694899,38.044381976843844,0.9077990196527737,26.99055012255896,0.9627649958080104,17.9993248330165,0.9618845926811264,18.03963889407355,14,36,0.28,1,scape_most_built,0.008152698508288973,0.846662840090574,0.15333715990942598,0.0,0.0,0.703576820115267,0.0,0.0,0.12742317988473298
65,66,831,0.831,0,49,42,9,0,1,0,0,1,0,100,0,0,Kiyosumi,0,0,0,0.8357974667292458,35.79629869134517,0.9368807740684904,23.920787646577462,0.977633506672476,15.731360222321667,0.9825213303873408,14.292855358035155,15,35,0.3,2,scape_second_built,0.015801860767450236,0.9111873346199494,0.08881266538005059,0.0,0.0,0.7571966750691779,0.0,0.0,0.07380332493082203
66,67,996,0.996,29,14,39,18,1,1,0,0,1,0,100,0,-1,Kiyosumi,0,0,0,0.9613176777299448,14.87867601636651,0.906265278727355,23.26072278519728,0.83390778978536,31.67899979130935,0.8222949810626841,32.93957912627108,14,36,0.28,0,scape_most_green,0.00709020883446681,0.8857025257677602,0.11429747423223975,0.0,0.0,0.8821597156646892,0.0,0.0,0.11384028433531079
67,68,1107,1.107,29,10,43,15,1,1,0,0,1,0,97,3,0,Kiyosumi,0,0,0,0.9532433999295034,16.639561292293738,0.8874374340179008,25.82752842394711,0.803630422390314,34.784704892300645,0.7943007124820589,35.770432056711456,12,38,0.24,0,scape_most_green,0.01984309606174792,0.7960492764268514,0.20395072357314853,0.0,0.0,0.8812265490045245,0.0,0.0,0.2257734509954754
68,69,958,0.958,0,53,31,15,0,1,0,0,1,0,99,1,0,Kiyosumi,0,0,0,0.7785248092024409,39.87950601499472,0.8957104753182317,28.252505758474822,0.9549422168854288,19.267218129362746,0.957799881465452,18.623248825739203,14,36,0.28,1,scape_most_built,0.02955054763264726,0.8211780312383846,0.17882196876161535,0.0,0.0,0.7866885539263724,0.0,0.0,0.1713114460736275
69,70,958,0.958,6,51,33,9,0,1,0,0,1,0,99,1,0,Kiyosumi,0,0,0,0.8379799771780875,33.71016167270635,0.9303869429474344,22.914214463729625,0.9759391394105862,14.108828008653937,0.9731675878089032,14.646089461284074,12,38,0.24,1,scape_most_built,0.003497188324771261,0.739108510974339,0.2608914890256609,0.0,0.0,0.7080659535134168,0.0,0.0,0.24993404648658313
70,71,900,0.9,6,45,31,15,0,1,0,0,1,0,97,3,0,Kiyosumi,0,0,0,0.850950892316272,30.33768283834479,0.942832923070468,19.01664147690713,0.9821207899634956,10.742083648487897,0.982107631911764,10.754105897320962,14,36,0.28,2,scape_second_built,0.021560745852097576,0.7794965732694196,0.2205034267305804,0.0,0.0,0.7015469159424776,0.0,0.0,0.19845308405752238
71,72,900,0.9,8,45,32,15,0,1,0,0,1,0,100,0,0,Kiyosumi,0,0,0,0.8667583319235351,28.98922213513153,0.950865413402008,17.92615236952733,0.9859445506147838,9.702698650948152,0.9838226124353342,10.357115489837946,12,38,0.24,2,scape_second_built,0.004176337853362425,0.7053808414528787,0.2946191585471213,0.0,0.0,0.6348427573075909,0.0,0.0,0.26515724269240915
72,73,841,0.841,11,38,32,18,0,1,0,0,1,0,99,1,0,Kiyosumi,0,0,0,0.9048930072105812,23.39604667459868,0.9705854302355598,13.06811042974774,0.9880896713586792,8.71640375639199,0.9858289010117748,9.61975480663008,14,36,0.28,2,scape_second_built,0.0167190663200766,0.7701795714115611,0.2298204285884389,0.0,0.0,0.6477210195571229,0.0,0.0,0.1932789804428771
73,74,841,0.841,7,44,44,5,0,1,0,0,1,0,100,0,0,Kiyosumi,0,0,0,0.8975503296770511,27.872477464337468,0.9677389847896062,17.318151383647706,0.9883206047928949,11.353077164853199,0.9881453306494188,11.15688982092189,19,31,0.38,2,scape_second_built,0.004323522355116952,0.6891446280980293,0.3108553719019707,0.0,0.0,0.5795706322304427,0.0,0.0,0.2614293677695574
74,75,757,0.757,8,50,32,10,0,1,0,0,1,0,100,0,-1,Kiyosumi,0,0,0,0.84933961079152,32.09945482403089,0.9356882903285112,21.644625104592766,0.97813400315189,13.085323627807007,0.9736108635164296,14.112923268217788,24,26,0.48,1,scape_most_built,0.016994308160750676,0.7815256426209546,0.21847435737904547,0.0,0.0,0.5916149114640626,0.0,0.0,0.16538508853593742
75,76,757,0.757,14,47,29,10,0,1,0,0,1,0,100,0,0,Kiyosumi,0,0,0,0.8797607056089384,27.60208325471105,0.9440316673743481,19.09909710442045,0.9757579173751044,12.66790015923888,0.9653684486728384,15.103873149857426,26,24,0.52,2,scape_second_built,0.02246745824299308,0.7324683541722516,0.26753164582774835,0.0,0.0,0.5544785441083945,0.0,0.0,0.2025214558916055
76,77,537,0.537,11,57,31,1,0,1,0,0,1,0,100,0,-8,Kiyosumi,0,0,0,0.8216113675198481,37.52832263770925,0.8992329209718269,29.299996517378077,0.9465298494919728,22.15421015919497,0.935957065331354,23.73865643889328,27,23,0.54,1,scape_most_built,0.04847088883730872,0.7734523714663262,0.2265476285336738,0.0,0.0,0.41534392347741717,0.0,0.0,0.12165607652258284
77,78,537,0.537,8,36,40,15,0,1,0,0,1,0,99,1,0,Kiyosumi,0,0,0,0.9193778692473252,22.24578611782465,0.9850528471233541,9.895371006027961,0.994605146526268,5.8573908677650826,0.9973354543386452,4.121180290175013,41,9,0.82,2,scape_second_built,0.0236783188860884,0.7056831462664271,0.2943168537335729,0.0,0.0,0.3789518495450714,0.0,0.0,0.15804815045492868
78,79,615,0.615,0,49,27,24,0,1,0,0,1,0,100,0,0,Kiyosumi,0,0,0,0.7523532160337372,40.79062392266145,0.8731761067977798,29.677862291682697,0.9316299340293516,22.13539460783215,0.9366137007763441,21.33630931623591,26,24,0.52,1,scape_most_built,0.023536759477132563,0.6646991289723524,0.3353008710276476,0.0,0.0,0.4087899643179967,0.0,0.0,0.20621003568200327
79,80,615,0.615,11,30,38,21,0,1,0,0,1,0,100,0,-3,Kiyosumi,0,0,0,0.9276460642071432,20.393013509533123,0.9772441874751324,11.485572138423874,0.9719825019879312,13.167853322053338,0.9744395184171588,12.732909491824095,41,9,0.82,3,scape_road_sky,0.028857595819504023,0.5890359590632428,0.4109640409367572,0.0,0.0,0.36225711482389433,0.0,0.0,0.25274288517610566
80,81,590,0.59,7,35,39,18,0,1,0,0,1,0,99,1,0,Kiyosumi,0,0,0,0.9075371845338606,23.598199083828412,0.9777675732712612,11.74386509403692,0.9882932492178936,8.557201320784994,0.9928156874462746,6.758885979400724,35,15,0.7,3,scape_road_sky,,0.4987263274240383,0.5012736725759617,0.0,0.0,0.29424853318018257,0.0,0.0,0.29575146681981734
81,82,590,0.59,10,39,37,13,0,1,0,0,1,0,99,1,0,Kiyosumi,0,0,0,0.9198956606546704,22.09920813060957,0.9840862593627562,10.109603435973787,0.9992578495322604,2.173866243457596,0.9978642993904036,3.690399384761439,23,27,0.46,2,scape_second_built,0.03627853984829301,0.5496043106485458,0.4503956893514542,0.0,0.0,0.324266543282642,0.0,0.0,0.26573345671735793
82,83,709,0.7090000000000001,2,57,29,12,0,1,0,0,1,0,100,0,-1,Kiyosumi,0,0,0,0.7681563678223878,41.80759500377892,0.8815983437918153,30.941023557334205,0.9449185543256244,22.014594275414467,0.9437494650380976,22.093595998093747,23,27,0.46,1,scape_most_built,0.037992647821807946,0.6252674805576556,0.3747325194423444,0.0,0.0,0.4433146437153779,0.0,0.0,0.2656853562846222
83,84,709,0.7090000000000001,0,50,40,10,0,1,0,0,1,0,100,0,0,Kiyosumi,0,0,0,0.8271792718533191,36.41943162653696,0.9315826398594992,24.469889869063202,0.9761160483085776,15.850100770797784,0.9805301396675832,14.564579778592448,19,31,0.38,2,scape_second_built,,0.5866580874151309,0.41334191258486896,0.0,0.0,0.41594058397732786,0.0,0.0,0.2930594160226721
84,85,816,0.816,5,39,46,9,0,1,0,0,1,0,99,1,0,Kiyosumi,0,0,0,0.9035700229107536,26.29401072487801,0.9747413607645448,14.877732985085807,0.9878944713085418,10.490902143179957,0.9924077485920548,8.648332255044947,18,32,0.36,2,scape_second_built,0.02034458207615488,0.5749677557334198,0.4250322442665802,0.0,0.0,0.4691736886784706,0.0,0.0,0.3468263113215294
85,86,816,0.816,0,53,39,7,0,1,0,0,1,0,99,1,0,Kiyosumi,0,0,0,0.8134087001781504,38.501623342399476,0.9191457574837324,27.011713256682267,0.9684446470624674,18.381848685894226,0.9712958625846142,17.577944333286723,12,38,0.24,1,scape_most_built,0.003749178669573507,0.624345898139347,0.37565410186065296,0.0,0.0,0.5094662528817071,0.0,0.0,0.3065337471182928
86,87,897,0.897,2,57,25,15,0,1,0,0,1,0,99,1,0,Kiyosumi,0,0,0,0.7430062435768188,43.24783231562017,0.8607006480706503,32.64402936313507,0.9285834441071716,24.03245779727445,0.9272528365002588,24.16674876833344,11,39,0.22,1,scape_most_built,0.003259843165909081,0.6235757539388227,0.37642424606117736,0.0,0.0,0.559347451283124,0.0,0.0,0.3376525487168761
87,88,897,0.897,2,44,38,13,0,1,0,0,1,0,97,3,0,Kiyosumi,0,0,0,0.8545568452572607,31.07852956624557,0.9512922780893917,18.64490957503481,0.9865661864769594,10.17230035166306,0.99181165746236,8.096638534327411,12,38,0.24,2,scape_second_built,0.009514951399205515,0.6649927791577983,0.3350072208422017,0.0,0.0,0.5964985229045451,0.0,0.0,0.30050147709545494
88,89,970,0.97,8,37,39,14,0,1,0,0,1,0,98,2,0,Kiyosumi,0,0,0,0.9173432478873116,22.42487458158908,0.9847379557706488,9.895371006027961,0.9971198220864821,4.259385062554348,0.9992134503835084,2.253744679276046,12,38,0.24,2,scape_second_built,0.07712819507907319,0.7139797561628062,0.28602024383719377,0.0,0.0,0.6925603634779219,0.0,0.0,0.2774396365220779
89,90,1129,1.129,37,11,35,16,0,1,0,0,1,0,99,1,0,Kiyosumi,0,0,0,0.9334759346075966,19.694542391231128,0.8424273001338264,30.400725018207265,0.7547751846727098,38.715531264740655,0.7347076422375741,40.459660490223186,11,39,0.22,0,scape_most_green,0.025769371159753644,0.6974009161902602,0.3025990838097398,0.0,0.0,0.7873656343788038,0.0,0.0,0.34163436562119626
90,91,1304,1.304,8,13,48,27,0,0,0,0,1,0,96,4,0,Kiyosumi,0,0,0,0.8606837610368526,29.434248758886305,0.8847288613344189,26.87917029817638,0.8407504178460762,31.986596585306028,0.8555256395606737,30.583219799970934,2,48,0.04,3,scape_road_sky,0.04622347246267942,0.6247412062229707,0.3752587937770293,0.0,0.0,0.8146625329147538,0.0,0.0,0.4893374670852462
91,92,1085,1.085,8,44,39,9,0,1,0,0,1,0,100,0,-1,Kiyosumi,0,0,0,0.8967272947327576,26.568308188516635,0.9704357190481866,15.163059300383244,0.9953475409636959,6.896305371557858,0.9939290851579241,7.333333333333331,11,39,0.22,2,scape_second_built,0.042554116963222983,0.6002065718068673,0.3997934281931326,0.0,0.0,0.651224130410451,0.0,0.0,0.4337758695895489
92,93,1085,1.085,0,55,37,8,0,1,0,0,1,0,100,0,0,Kiyosumi,0,0,0,0.7994417254010855,40.110784086078404,0.9088405738487504,28.69900090702157,0.9630229328477125,19.819410379165614,0.9649842875299984,19.241159586215748,11,39,0.22,1,scape_most_built,,0.5753683865604381,0.424631613439562,0.0,0.0,0.6242746994180753,0.0,0.0,0.4607253005819248
93,94,958,0.958,0,54,33,12,0,1,0,0,1,0,99,1,0,Kiyosumi,0,0,0,0.7865322772297291,39.86696627535133,0.9011261358197828,28.25756174758125,0.9590900879754872,19.139201335943405,0.9614533069381392,18.54038920157912,11,39,0.22,1,scape_most_built,0.04709453042445018,0.5151776036155705,0.4848223963844295,0.0,0.0,0.49354014426371656,0.0,0.0,0.4644598557362834
94,95,958,0.958,3,40,47,10,0,0,0,0,1,0,100,0,-1,Kiyosumi,0,0,0,0.8885277867279667,28.81622806683761,0.9670304373407572,17.318151383647706,0.9840689845596916,12.46564723995955,0.9903001027248436,10.303335875275065,5,45,0.1,2,scape_second_built,,0.4494961726555981,0.550503827344402,0.0,0.0,0.43061733340406294,0.0,0.0,0.527382666595937
95,96,885,0.885,21,38,27,10,0,1,0,0,1,0,96,4,0,Kiyosumi,0,0,0,0.935968459109436,18.904364575409566,0.9596332028418124,15.134768729313176,0.9637633891742438,15.029715935809007,0.9478155007279048,18.045797118741906,18,32,0.36,0,scape_most_green,0.015025822254377116,0.5140068285880284,0.4859931714119717,0.0,0.0,0.4548960433004051,0.0,0.0,0.43010395669959495
96,97,885,0.885,19,30,37,12,0,1,0,0,1,0,98,2,0,Kiyosumi,0,0,0,0.9832436197346084,9.714679613862724,0.9963787459928966,4.651091598885629,0.9766119047126328,12.19531444631275,0.9684257028500568,14.213787181175398,14,36,0.28,0,scape_most_green,0.004691549116365321,0.5724440105945724,0.4275559894054276,0.0,0.0,0.5066129493761966,0.0,0.0,0.37838705062380346
97,98,637,0.637,14,52,27,6,0,1,0,0,1,0,99,1,0,Kiyosumi,0,0,0,0.8445965923883434,32.48653567249053,0.9132124293322444,24.71965259646252,0.9543761902838152,18.169820062705934,0.9418210025642746,20.358688328971255,18,32,0.36,1,scape_most_built,,0.5092699134172414,0.4907300865827586,0.0,0.0,0.32440493484678273,0.0,0.0,0.3125950651532172
98,99,637,0.637,3,52,33,12,0,1,0,0,1,0,100,0,0,Kiyosumi,0,0,0,0.8140798677463821,36.542783145239504,0.918415049996378,25.16070794889913,0.9698599465712509,16.08495242282191,0.9700338082167278,15.904476758208073,33,17,0.66,1,scape_most_built,0.004734728202328905,0.4233978405693787,0.5766021594306213,0.0,0.0,0.2697044244426942,0.0,0.0,0.3672955755573058
99,100,723,0.723,1,42,35,22,0,1,0,0,1,0,100,0,0,Kiyosumi,0,0,0,0.8252525313777422,33.60617502781297,0.9298582639536006,21.71052599030042,0.9672991188690344,14.985293716767039,0.9750236378748286,13.129392688961373,18,32,0.36,2,scape_second_built,0.05687753286450153,0.4281347557401656,0.5718652442598344,0.0,0.0,0.3095414284001397,0.0,0.0,0.41345857159986027
100,101,723,0.723,6,30,41,23,0,0,0,0,1,0,100,0,-1,Kiyosumi,0,0,0,0.8935689468455623,25.374692116358773,0.9600271662625522,15.699993500583599,0.9605533451554068,15.73930412834203,0.9691273147025441,13.988657536823888,6,44,0.12,3,scape_road_sky,0.02743349789573792,0.34994733582296866,0.6500526641770313,0.0,0.0,0.2530119238000063,0.0,0.0,0.46998807619999367
101,102,780,0.78,5,51,32,12,0,0,0,0,1,0,100,0,0,Kiyosumi,0,0,0,0.8264928052776914,34.75449611201405,0.9246385704146828,23.67466569813325,0.9730857789928742,14.73575112137522,0.9714973228163029,14.986766649386865,5,45,0.1,1,scape_most_built,0.027240264915293067,0.35470000956671144,0.6452999904332886,0.0,0.0,0.27666600746203496,0.0,0.0,0.5033339925379651
102,103,780,0.78,8,41,37,13,0,0,0,0,1,0,99,1,0,Kiyosumi,0,0,0,0.9015423208756542,24.84703201591692,0.9756226318439648,12.758350606723493,0.9977972537369164,3.9865224332883296,0.9977798336489584,3.8832158167381134,5,45,0.1,2,scape_second_built,0.01630281046712316,0.25833506332033634,0.7416649366796637,0.0,0.0,0.20150134938986236,0.0,0.0,0.5784986506101377
103,104,956,0.956,0,51,40,9,0,0,0,0,0,1,100,0,0,Kiyosumi,0,0,0,0.8238118535998827,37.09952829888812,0.9283860239622048,25.302254477272445,0.9741749350607144,16.69258401539771,0.9780817149700716,15.572666326224821,1,49,0.02,2,scape_second_built,0.013478014856878131,0.182765850015204,0.8172341499847959,0.0,0.0,0.17472415261453503,0.0,0.0,0.7812758473854648
104,105,956,0.956,4,41,45,10,0,0,0,0,1,0,100,0,0,Kiyosumi,0,0,0,0.8910374072602009,28.122499888879013,0.9695148142898772,16.35948205357445,0.9888986047633596,10.534500199081325,0.9935653925379896,8.582004057957187,5,45,0.1,2,scape_second_built,0.03604082511117779,0.249035823453838,0.7509641765461619,0.0,0.0,0.23807824722186913,0.0,0.0,0.7179217527781308
105,106,1007,1.0070000000000001,0,56,35,8,0,0,0,0,0,1,99,1,0,Kiyosumi,0,0,0,0.7880030251380483,40.96797529778596,0.8997380349541599,29.668233544190887,0.9573685828236328,20.707704551151433,0.9587727603678048,20.27430933589648,1,49,0.02,1,scape_most_built,0.054134860717379225,0.2870716916293724,0.7129283083706276,0.0,0.0,0.28908119347077804,0.0,0.0,0.717918806529222
106,107,1007,1.0070000000000001,2,41,45,12,0,0,0,0,1,0,100,0,0,Kiyosumi,0,0,0,0.8768957925086471,29.864276318035913,0.9628276211517104,17.814234161914182,0.9853121438007464,11.802924543424725,0.9921852422749636,9.292427365828928,5,45,0.1,2,scape_second_built,0.002599630596491216,0.3620095128719028,0.6379904871280973,0.0,0.0,0.36454357946200616,0.0,0.0,0.642456420537994
107,108,903,0.903,13,52,31,4,0,0,0,0,1,0,100,0,0,Kiyosumi,0,0,0,0.8577570024133553,31.896316401741448,0.9261118822746568,23.698790118088827,0.9642194908579726,16.893559752494767,0.9532286507967556,18.945200841390804,5,45,0.1,1,scape_most_built,0.011144495032668705,0.3480711073704438,0.6519288926295562,0.0,0.0,0.31430820995551073,0.0,0.0,0.5886917900444892
108,109,903,0.903,3,52,33,11,0,0,0,0,1,0,99,1,0,Kiyosumi,0,0,0,0.8147850896744948,36.385093101433725,0.9186104755845884,25.04119055655693,0.969972734719,15.967958368070867,0.9700655477412884,15.809380378006844,5,45,0.1,1,scape_most_built,0.03361055419080368,0.41219269435023054,0.5878073056497695,0.0,0.0,0.3722100029982582,0.0,0.0,0.5307899970017418
109,110,1073,1.073,11,43,39,7,0,0,0,0,0,1,100,0,-2,Kiyosumi,0,0,0,0.9158280746810326,23.92435997054049,0.9767085703361568,13.48771171648248,0.9950063311048942,6.7559130479241025,0.9906032407310021,8.505833665738258,1,49,0.02,2,scape_second_built,,0.3864678863352456,0.6135321136647545,0.0,0.0,0.4146800420377185,0.0,0.0,0.6583199579622815
110,111,1073,1.073,3,32,47,18,0,0,0,0,1,0,100,0,0,Kiyosumi,0,0,0,0.8911018639174492,27.099354235848498,0.9630847254662898,16.507264943604902,0.966182025231364,15.493838381039664,0.97678845108384,12.927146286443547,3,47,0.06,3,scape_road_sky,0.03334388917647647,0.4336127378378443,0.5663872621621556,0.0,0.0,0.46526646770000696,0.0,0.0,0.6077335322999929
111,112,1121,1.121,1,54,33,11,0,0,0,0,0,1,99,1,0,Kiyosumi,0,0,0,0.7936666279324232,39.15194758884928,0.9048063242253478,27.7061843829356,0.9613875412099884,18.60490153457177,0.9626817542154379,18.20430788019213,1,49,0.02,1,scape_most_built,0.003684088597195451,0.4126322919259081,0.5873677080740919,0.0,0.0,0.462560799248943,0.0,0.0,0.658439200751057
112,113,1121,1.121,1,36,46,17,0,0,0,0,1,0,100,0,0,Kiyosumi,0,0,0,0.874194795506146,29.54445802515253,0.958680309732994,17.902228797509192,0.9731999608871584,14.360560380585587,0.9838644254801152,11.404538222282046,3,47,0.06,3,scape_road_sky,0.015026231476456878,0.46334445464298396,0.5366555453570161,0.0,0.0,0.519409133654785,0.0,0.0,0.6015908663452151
113,114,1176,1.176,3,43,32,22,0,0,0,0,0,1,100,0,0,Kiyosumi,0,0,0,0.8248754125127689,33.23966004639638,0.926795375053052,21.789343959928708,0.9664401093728432,14.90444098619975,0.9713296176499324,13.793258072477588,1,49,0.02,2,scape_second_built,0.002745397164582056,0.4551430559066577,0.5448569440933423,0.0,0.0,0.5352482337462294,0.0,0.0,0.6407517662537705
114,115,1176,1.176,3,46,37,12,0,0,0,0,1,0,98,2,0,Kiyosumi,0,0,0,0.8525085978145356,31.59707264921863,0.948403767452112,19.44746980027616,0.9865364506072128,10.490902143179953,0.9896390817878088,9.258200997725512,3,47,0.06,2,scape_second_built,,0.517069975967682,0.482930024032318,0.0,0.0,0.608074291737994,0.0,0.0,0.567925708262006
115,116,1334,1.334,1,57,35,7,0,0,0,0,0,1,100,0,0,Kiyosumi,0,0,0,0.7901690896896514,41.223476321144965,0.898986658705588,30.212174867163768,0.9563708023294664,21.34968448895153,0.9563562299103772,21.168260157491407,1,49,0.02,1,scape_most_built,0.010586190986203965,0.5378243601936705,0.4621756398063294,0.0,0.0,0.7174576964983566,0.0,0.0,0.6165423035016435
116,117,1334,1.334,16,18,45,17,0,0,0,0,1,0,96,4,0,Kiyosumi,0,0,0,0.9578128434117812,15.584447375508699,0.9575088313553608,15.699993500583599,0.9097205902771512,23.439120314361443,0.912290770635408,23.25155738084916,3,47,0.06,3,scape_road_sky,,0.5775543245386175,0.4224456754613824,0.0,0.0,0.7704574689345158,0.0,0.0,0.5635425310654841
117,118,1446,1.446,18,18,44,2,1,0,0,0,0,1,82,18,0,Kiyosumi,0,0,0,0.93321403946268,19.605483926697648,0.9118766591142186,22.61298164275357,0.8578770280480671,29.37219253723569,0.856542047201739,29.672284112357183,1,49,0.02,0,scape_most_green,0.005140914443809196,0.5789370445853712,0.4210629554146288,0.0,0.0,0.8371429664704467,0.0,0.0,0.6088570335295532
118,119,1530,1.53,33,7,41,19,1,0,0,0,0,1,100,0,0,Kiyosumi,0,0,0,0.9213269494015742,21.9630371305974,0.8404217021935394,31.21681911916023,0.7487196195420066,39.832679562277896,0.7365753200208722,40.95719794483094,1,49,0.02,0,scape_most_green,0.0030896551011594885,0.5072393941897919,0.4927606058102081,0.0,0.0,0.7760762731103816,0.0,0.0,0.7539237268896184
119,120,1656,1.656,2,45,37,13,0,0,0,0,0,1,97,3,0,Kiyosumi,0,0,0,0.8482510236301212,31.77066256784709,0.9469398637532248,19.43277265500795,0.984994053519498,10.726557126020342,0.989703748480406,8.981462390204983,1,49,0.02,2,scape_second_built,,0.42947783374922577,0.5705221662507742,0.0,0.0,0.7112152926887179,0.0,0.0,0.9447847073112821
120,121,1561,1.561,0,58,35,7,0,0,0,0,0,1,100,0,0,Kiyosumi,0,0,0,0.780053029740735,42.61308484491589,0.8922006431687138,31.544591049652173,0.9519432349652348,22.65816323339364,0.9524966498448808,22.37912859843736,1,49,0.02,1,scape_most_built,0.012494027383597712,0.4225701485337873,0.5774298514662127,0.0,0.0,0.659632001861242,0.0,0.0,0.901367998138758
121,122,1451,1.4509999999999998,0,61,32,7,0,0,0,0,0,1,100,0,0,Kiyosumi,0,0,0,0.7552563062723361,45.3913538022386,0.8711165840885181,34.62746344290606,0.9372619547417456,25.732127022675584,0.9364447144237514,25.6935542531338,1,49,0.02,1,scape_most_built,0.0047307003524751715,0.4683663807643594,0.5316336192356406,0.0,0.0,0.6795996184890853,0.0,0.0,0.7714003815109144
122,123,1400,1.4,0,55,34,10,0,0,0,0,0,1,99,1,0,Kiyosumi,0,0,0,0.7877288370237123,40.3469329689383,0.90093484067997,28.867749111690546,0.9587623944920032,19.787850509284173,0.9606394453172536,19.27165860523752,1,49,0.02,1,scape_most_built,0.005523135430500759,0.5072417520304293,0.4927582479695707,0.0,0.0,0.710138452842601,0.0,0.0,0.6898615471573989
123,124,1400,1.4,1,53,32,14,0,0,0,0,0,1,100,0,0,Kiyosumi,0,0,0,0.7909839240610094,38.959915297649204,0.90385375510944,27.400283031459395,0.9605549093505356,18.347816249110167,0.962408517128347,17.853904468264208,1,49,0.02,1,scape_most_built,0.02367655820789973,0.5392070802404242,0.4607929197595758,0.0,0.0,0.7548899123365939,0.0,0.0,0.645110087663406
124,125,1262,1.262,0,70,26,4,0,0,0,0,0,1,100,0,0,Kiyosumi,0,0,0,0.6891247204941909,54.216003172495114,0.8097674850972701,44.399852913894996,0.8891040211973034,35.80352442303845,0.8846056605711833,36.193483584317406,1,49,0.02,1,scape_most_built,0.03369816753267125,0.4627307370056422,0.5372692629943578,0.0,0.0,0.5839661901011205,0.0,0.0,0.6780338098988796
125,126,1262,1.262,5,57,34,4,0,0,0,0,0,1,100,0,-4,Kiyosumi,0,0,0,0.8078414805439418,39.30489791361886,0.9038891522647052,29.256082570073165,0.9567532978754184,20.91193505579476,0.9525789947497784,21.480888515807987,1,49,0.02,1,scape_most_built,0.022452839986712297,0.4074730506143365,0.5925269493856635,0.0,0.0,0.5142309898752926,0.0,0.0,0.7477690101247074
126,127,1360,1.36,27,43,24,6,0,0,0,0,0,1,100,0,0,Kiyosumi,0,0,0,0.9031762520225438,24.34902462112189,0.9124984751291222,23.21153829895989,0.9197869406757052,22.52722118780843,0.8953098142105853,25.840168066680327,1,49,0.02,0,scape_most_green,0.03379728373215748,0.413108694373054,0.586891305626946,0.0,0.0,0.5618278243473535,0.0,0.0,0.7981721756526466
127,128,1360,1.36,2,60,16,6,0,0,0,0,0,1,84,16,0,Kiyosumi,0,0,0,0.649093433844128,50.332643483131285,0.7651500039271812,41.72602574520842,0.8428728003737027,34.71396012813545,0.8388041292587726,35.164014795070486,1,49,0.02,1,scape_most_built,0.04921205582819352,0.3632122154106033,0.6367877845893967,0.0,0.0,0.4939686129584205,0.0,0.0,0.8660313870415796
128,129,1453,1.453,17,35,35,13,0,0,0,0,0,1,100,0,0,Kiyosumi,0,0,0,0.959099691297967,15.34193599256626,0.9917896012581544,6.901641330960664,0.9891084958307726,8.365147604462482,0.9810014145972772,11.051107823516343,1,49,0.02,0,scape_most_green,0.09137799295052096,0.3726736695713375,0.6273263304286625,0.0,0.0,0.5414948418871535,0.0,0.0,0.9115051581128466
129,130,1386,1.386,1,46,35,18,0,0,0,0,0,1,100,0,-1,Kiyosumi,0,0,0,0.8231986981805975,34.545260166917245,0.930109141428213,22.38439689805816,0.973836195554882,14.079264698287492,0.9793461934377224,12.56601615090327,1,49,0.02,2,scape_second_built,0.026340931641866003,0.3295575930970775,0.6704424069029226,0.0,0.0,0.45676682403254937,0.0,0.0,0.9292331759674506
130,131,1239,1.239,4,43,41,12,0,0,0,0,0,1,100,0,0,Kiyosumi,0,0,0,0.8787061392937577,28.99784474749805,0.9644811011255292,16.7563573071262,0.9918006363452974,8.858650825291877,0.9954823825673792,7.02376916856849,1,49,0.02,2,scape_second_built,0.021917742455104045,0.3468628963825337,0.6531371036174664,0.0,0.0,0.4297631286179593,0.0,0.0,0.8092368713820409
131,132,1189,1.189,16,49,29,3,0,0,0,0,0,1,97,3,0,Kiyosumi,0,0,0,0.8742993369505369,28.81622806683761,0.9289036550663116,21.99814463419447,0.9595210664829492,16.725002076066968,0.9457712457891244,19.26506831399404,1,49,0.02,1,scape_most_built,0.002409791026253373,0.3654874404233093,0.6345125595766906,0.0,0.0,0.4345645666633147,0.0,0.0,0.7544354333366852
132,133,1189,1.189,25,41,33,1,0,0,0,0,0,1,100,0,0,Kiyosumi,0,0,0,0.9430985067983536,19.451863663926908,0.9498695880623318,18.289062193517946,0.9472436826450664,18.694269026748394,0.9270910374613291,21.979066519744762,1,49,0.02,0,scape_most_green,,0.32073060670410125,0.6792693932958987,0.0,0.0,0.3813486913711764,0.0,0.0,0.8076513086288236
133,134,1329,1.329,8,25,43,16,0,0,0,0,0,1,92,8,0,Kiyosumi,0,0,0,0.9283789917051454,20.195915428620708,0.9724432069786096,12.58927304963902,0.9546180397818352,16.672603109426092,0.9631472819919265,15.214863242634275,1,49,0.02,3,scape_road_sky,,0.30210606266332496,0.697893937336675,0.0,0.0,0.40149895727955887,0.0,0.0,0.9275010427204411
134,135,1225,1.225,6,37,40,15,0,0,0,0,0,1,98,2,0,Kiyosumi,0,0,0,0.9046877934748784,24.29763362963563,0.9788367410649432,11.792422333422255,0.9934788955518359,6.504539013471884,0.997993895787655,3.612148813050074,1,49,0.02,2,scape_second_built,0.00579091152283415,0.2547185778981982,0.7452814221018018,0.0,0.0,0.3120302579252928,0.0,0.0,0.9129697420747073
135,136,1100,1.1,5,45,42,8,0,0,0,0,0,1,100,0,0,Kiyosumi,0,0,0,0.8812638235197972,29.47668570243269,0.9627026075388512,17.950044056565797,0.9903382915243066,10.342905512690546,0.9918595271394286,9.540223949985293,1,49,0.02,2,scape_second_built,0.015846457906070727,0.2455180362868121,0.7544819637131879,0.0,0.0,0.2700698399154933,0.0,0.0,0.8299301600845067
136,137,1100,1.1,0,62,31,7,0,0,0,0,0,1,100,0,0,Kiyosumi,0,0,0,0.7465987408408234,46.366744548221206,0.8635800581805969,35.70799944675977,0.9317610410651376,26.82770386083096,0.93049782233737,26.85646740116505,1,49,0.02,1,scape_most_built,0.0034064998104499297,0.3115300650927149,0.6884699349072851,0.0,0.0,0.3426830716019864,0.0,0.0,0.7573169283980137
137,138,1029,1.0290000000000001,7,52,30,11,0,0,0,0,0,1,100,0,0,Kiyosumi,0,0,0,0.8253177821194932,34.783257466775595,0.9187803873455288,24.39973235048922,0.9678944444654904,15.82905643990752,0.963524678527528,16.66571425850184,1,49,0.02,1,scape_most_built,,0.2208017181907375,0.7791982818092625,0.0,0.0,0.2272049680182689,0.0,0.0,0.8017950319817313
138,139,1029,1.0290000000000001,0,51,41,8,0,0,0,0,0,1,100,0,-1,Kiyosumi,0,0,0,0.8264818253498544,37.13320616375591,0.9295058917776916,25.448627724520325,0.9740432479345532,17.04334751286978,0.977936425982738,15.930404193798024,1,49,0.02,2,scape_second_built,0.013573326418263131,0.15876936616882442,0.8412306338311756,0.0,0.0,0.16337367778772036,0.0,0.0,0.8656263222122798
139,140,1147,1.147,0,43,43,11,0,0,0,0,0,1,97,3,0,Kiyosumi,0,0,0,0.855666067733755,32.021477167676075,0.9514033650558512,19.72463496467795,0.9819758774218292,12.63166765624309,0.9898420815870752,10.011104945120804,1,49,0.02,2,scape_second_built,0.012713017052295716,0.18348568426489845,0.8165143157351016,0.0,0.0,0.2104580798518385,0.0,0.0,0.9365419201481615
140,141,1123,1.123,13,24,42,21,0,0,0,0,0,1,100,0,0,Kiyosumi,0,0,0,0.9419629667586784,18.354154842977653,0.9700267339112486,13.241863115721676,0.944561710588472,18.436169914358867,0.9478907113962559,18.006171781426012,1,49,0.02,3,scape_road_sky,0.026325668155680545,0.09160226082765413,0.908397739172346,0.0,0.0,0.10286933890945558,0.0,0.0,1.0201306610905445
141,142,973,0.973,6,43,40,9,0,0,0,0,0,1,98,2,0,Kiyosumi,0,0,0,0.8912310199799744,27.099354235848498,0.9695274072671234,15.219482680473227,0.9945290895865492,7.128045158230817,0.9957718272295079,6.271629240742259,1,49,0.02,2,scape_second_built,0.025461031626048,0.02524261036801316,0.0,0.0,0.9747573896319868,0.024561059888076803,0.0,0.9484389401119231,0.0
142,143,944,0.9440000000000001,5,40,50,1,0,0,0,0,0,1,96,4,0,Kiyosumi,0,0,0,0.8950207274424954,29.032309587767898,0.9583552123864738,20.01224115181424,0.9681693182172664,17.30777362279094,0.9718121368678428,16.346447602043366,1,49,0.02,2,scape_second_built,0.0541376684469349,0.0,0.9120266149968448,0.0879733850031553,0.0,0.0,0.0830468754429786,0.0,0.8609531245570216
143,144,944,0.9440000000000001,3,56,31,8,0,0,0,0,0,1,98,2,0,Kiyosumi,0,0,0,0.7892085114016019,39.7413512603686,0.8954469476795756,29.05027310279438,0.9537135683635594,20.229327582607496,0.9518100675951284,20.442719043824912,1,49,0.02,1,scape_most_built,0.0384784337919008,0.022346145468660768,0.0,0.0,0.9776538545313392,0.021094761322415768,0.0,0.9229052386775843,0.0
144,145,1093,1.093,4,57,27,12,0,0,0,0,0,1,100,0,-1,Kiyosumi,0,0,0,0.769501596439234,41.25378770488838,0.8783900859278276,30.867061897823728,0.9412722266435876,22.195548227316014,0.9379098059187072,22.64705033528403,1,49,0.02,1,scape_most_built,,0.04038462916648137,0.9596153708335188,0.0,0.0,0.04414039967896413,0.0,0.0,1.048859600321036
145,146,1093,1.093,7,45,35,10,0,0,0,0,0,1,97,3,0,Kiyosumi,0,0,0,0.8768676763407092,28.140273630510418,0.9590292100009034,16.688013540214047,0.9916145983324559,7.781968117242434,0.9904872722756712,8.147450667598566,1,49,0.02,2,scape_second_built,0.041665481907108164,0.10755173450765136,0.8924482654923487,0.0,0.0,0.11755404581686293,0.0,0.0,0.9754459541831371
146,147,1034,1.034,11,47,33,9,0,0,0,0,0,1,100,0,-1,Kiyosumi,0,0,0,0.8828018156349403,27.80962063747005,0.9544258190438576,17.862284973927494,0.9863836137768908,10.015439470027152,0.9797967101899018,11.927026798576758,1,49,0.02,2,scape_second_built,0.08142963699273552,0.04579102040895451,0.9542089795910454,0.0,0.0,0.04734791510285897,0.0,0.0,0.9866520848971411
147,148,1034,1.034,0,49,42,9,0,0,0,0,1,1,100,0,0,Kiyosumi,0,0,0,0.8357974667292458,35.79629869134517,0.9368807740684904,23.920787646577462,0.977633506672476,15.731360222321667,0.9825213303873408,14.292855358035155,4,46,0.08,2,scape_second_built,0.11333114455954145,0.12100513591650687,0.8789948640834931,0.0,0.0,0.12511931053766812,0.0,0.0,0.9088806894623319
148,149,889,0.889,7,40,42,10,0,0,0,0,1,1,99,1,0,Kiyosumi,0,0,0,0.909707410671988,24.624682739073005,0.9797773121622664,12.623269733928295,0.9959433146502708,6.148904599827339,0.9976899763987948,4.837026503630656,4,46,0.08,2,scape_second_built,0.057323083287231076,0.01971505664275273,0.0,0.0,0.9802849433572473,0.01752668535540718,0.0,0.8714733146445928,0.0
149,150,889,0.889,8,40,39,12,0,0,0,0,0,1,99,1,0,Kiyosumi,0,0,0,0.9100987653708495,23.92435997054049,0.9805569855020232,11.670650437428632,0.9985819453542052,3.4845890878425125,0.9991266540027274,2.690370836538196,1,49,0.02,2,scape_second_built,0.09039472094496034,0.0,0.9121477774796324,0.08785222252036752,0.0,0.0,0.07810062582060673,0.0,0.8108993741793932
150,151,889,0.889,1,41,47,11,0,0,0,1,0,0,100,0,0,Kiyosumi,0,0,0,0.8725729659787324,31.006047797163703,0.958990865391043,19.262949527260773,0.9806864354600802,13.825424445965885,0.9885453536956859,11.368293418015533,5,45,0.1,2,scape_second_built,0.013577311989360154,0.0,0.8831727644513465,0.11682723554865344,0.0,0.0,0.10385941240275291,0.0,0.785140587597247
151,152,802,0.802,4,35,42,13,0,0,0,1,0,0,94,6,0,Kiyosumi,0,0,0,0.8994468449197784,24.867147001616413,0.9743282976622034,12.836491350991581,0.9854937320523832,9.616428362154238,0.9932130744388848,6.592443967173137,5,45,0.1,2,scape_second_built,0.01299332213216542,0.0,0.8963879749826396,0.1036120250173604,0.0,0.0,0.08309684406392305,0.0,0.718903155936077
152,153,773,0.773,5,29,41,23,0,0,0,1,0,0,98,2,0,Kiyosumi,0,0,0,0.8882901369044204,25.794863829840235,0.9566125928123476,16.183892218713606,0.9564265369761132,16.4613393879248,0.9667007780061576,14.478226673838467,5,45,0.1,3,scape_road_sky,,0.0,0.9119594508541616,0.08804054914583838,0.0,0.0,0.06805534448973306,0.0,0.704944655510267
153,154,696,0.696,2,33,45,19,0,0,0,1,0,0,99,1,0,Kiyosumi,0,0,0,0.8804014099349271,28.0066956280101,0.9595518859339036,16.849877368899122,0.9680294337669566,14.840003182090106,0.979300910549904,12.011898862615947,9,41,0.18,3,scape_road_sky,0.0034965034965034965,0.0,0.9422306762638633,0.05776932373613685,0.0,0.0,0.040207449320351245,0.0,0.6557925506796488
154,155,696,0.696,3,49,36,12,0,0,0,0,1,0,100,0,0,Kiyosumi,0,0,0,0.8375575739740921,33.924548633695935,0.9369896819554782,22.11472867773412,0.9808336236626292,13.037472701580029,0.9825289995982854,12.394315133118393,5,45,0.1,2,scape_second_built,0.003388919895049492,0.0,0.0,0.03979932510116097,0.9602006748988392,0.0,0.027700330270408035,0.668299669729592,0.0
155,156,873,0.873,12,56,28,4,0,0,0,0,1,0,100,0,0,Kiyosumi,0,0,0,0.8198541669096331,36.583807893656996,0.8972583286401734,28.423904857477602,0.9455502198657688,21.253839522412047,0.9340031416008184,23.04309282592349,5,45,0.1,1,scape_most_built,0.009519741787692751,0.16617751327999788,0.8338224867200021,0.0,0.0,0.14507296909343814,0.0,0.0,0.7279270309065619
156,157,712,0.7120000000000001,5,47,35,13,0,0,0,0,1,0,100,0,0,Kiyosumi,0,0,0,0.8539960091424762,31.39068333120513,0.9467025470083146,19.673871619226247,0.9859295405594444,10.629002514085904,0.986375310644364,10.338708279513876,5,45,0.1,2,scape_second_built,0.09018172598825686,0.188861872607782,0.8111381273922179,0.0,0.0,0.1344696532967408,0.0,0.0,0.5775303467032592
157,158,712,0.7120000000000001,5,54,32,8,0,0,0,0,1,0,99,1,0,Kiyosumi,0,0,0,0.8145722078579114,36.85613924436471,0.9126440708864504,26.28260851217173,0.9646351425937948,17.53973663174881,0.9615759761474236,18.020270772942304,5,45,0.1,1,scape_most_built,0.02250803602695247,0.2915797537545665,0.7084202462454334,0.0,0.0,0.20760478467325139,0.0,0.0,0.5043952153267487
158,159,543,0.5429999999999999,0,58,32,10,0,0,0,0,1,0,100,0,0,Kiyosumi,0,0,0,0.7671257287779734,43.01598540077864,0.883426655009218,31.855541279408232,0.9468551964037988,22.801148241066965,0.947372701660364,22.56138012214397,5,45,0.1,1,scape_most_built,0.02145760740996166,0.17671002521287374,0.8232899747871263,0.0,0.0,0.09595354369059043,0.0,0.0,0.44704645630940953
159,160,573,0.573,1,37,42,19,0,0,0,1,0,0,99,1,0,Kiyosumi,0,0,0,0.863935249095946,29.855903938752213,0.9547919053122664,17.782128152520247,0.975429305495908,13.136172493454012,0.9857345343641232,10.116778457058668,9,41,0.18,3,scape_road_sky,0.04286089730150583,0.0,0.0,0.011188847116222195,0.988811152883778,0.0,0.006411209397595317,0.5665887906024047,0.0
160,161,543,0.5429999999999999,9,34,33,23,0,0,0,1,0,0,99,1,0,Kiyosumi,0,0,0,0.8902312507846324,24.997499874987497,0.9589108808268088,15.368932351749521,0.9709133668211266,13.434124252977725,0.9735108377669388,12.999389485053785,10,40,0.2,3,scape_road_sky,0.03170206633754568,0.07698316470820966,0.9230168352917903,0.0,0.0,0.04180185843655784,0.0,0.0,0.5011981415634421
161,162,505,0.505,0,34,49,17,0,0,0,1,0,0,100,0,0,Kiyosumi,0,0,0,0.870692220459647,30.5102441812582,0.9525165443660016,19.61569550650911,0.9618883027013432,17.35105264177876,0.9744949018600848,14.472743950623787,10,40,0.2,3,scape_road_sky,0.010359695114958623,0.1373057363492134,0.8626942636507866,0.0,0.0,0.06933939685635276,0.0,0.0,0.43566060314364724
162,163,505,0.505,0,48,41,9,0,1,0,0,1,0,98,2,0,Kiyosumi,0,0,0,0.8368276448282937,34.92670897751461,0.9380963679521276,22.92044804918765,0.9784921614186454,14.653521571432734,0.9837854453320772,13.061515019444512,34,16,0.68,2,scape_second_built,0.07474690188005262,0.2733279037642935,0.7266720962357065,0.0,0.0,0.1380305914009682,0.0,0.0,0.36696940859903177
163,164,405,0.405,5,28,44,19,1,1,1,1,0,0,96,4,0,Kiyosumi,0,0,0,0.9043900362968068,23.997395692032924,0.9663258244413492,14.379690893898996,0.9604284961590488,15.73400863663732,0.971049018961717,13.528335929295704,50,0,1.0,3,scape_road_sky,0.007655935940712295,0.2616187945822553,0.7383812054177447,0.0,0.0,0.1059556118058134,0.0,0.0,0.2990443881941866
164,165,405,0.405,0,58,27,9,0,1,0,0,1,0,94,6,0,Kiyosumi,0,0,0,0.7384400637454264,44.07805576474534,0.8578231380013744,33.401087602969234,0.9266384508337648,24.74319491182261,0.9266228889551952,24.66924053495422,36,14,0.72,1,scape_most_built,0.007855112010588803,0.4116887313873409,0.5883112686126591,0.0,0.0,0.16673393621187307,0.0,0.0,0.23826606378812698
165,166,358,0.358,6,30,44,17,1,1,1,1,0,0,97,3,0,Kiyosumi,0,0,0,0.9156922462519892,22.69085718962596,0.9764917186964504,12.197356689220893,0.9730517878571084,13.037472701580029,0.9813747343110856,10.883218478209677,50,0,1.0,3,scape_road_sky,0.00591462519468704,0.4078973182474202,0.5921026817525797,0.0,0.0,0.14602723993257644,0.0,0.0,0.21197276006742355
166,167,358,0.358,0,44,41,11,0,1,0,0,1,0,96,4,0,Kiyosumi,0,0,0,0.8485057408239338,32.44803537966513,0.9472900455228624,20.090611067392267,0.981694237338932,12.391893631635876,0.9890249136218848,9.952267030562384,41,9,0.82,2,scape_second_built,0.007620532143306422,0.4949349142841173,0.5050650857158827,0.0,0.0,0.17718669931371397,0.0,0.0,0.180813300686286
167,168,308,0.308,4,36,45,12,1,1,1,1,0,0,97,3,0,Kiyosumi,0,0,0,0.902023502223352,25.50245086261318,0.9750888793556944,13.656126680664887,0.985326302072475,10.326778835198859,0.9925251128589352,7.52983483872075,50,0,1.0,2,scape_second_built,0.009964563061916471,0.5152626451869553,0.4847373548130447,0.0,0.0,0.15870089471758222,0.0,0.0,0.14929910528241777
168,169,308,0.308,5,51,31,9,0,1,0,0,1,0,96,4,0,Kiyosumi,0,0,0,0.8227319432650172,34.66085688496463,0.9198661062627792,23.896887338935922,0.9690874353114396,15.241687169659984,0.9671222554408616,15.59711002942023,42,8,0.84,1,scape_most_built,0.02146553023666926,0.6966142502586665,0.3033857497413335,0.0,0.0,0.21455718907966928,0.0,0.0,0.09344281092033072
169,170,227,0.22699999999999998,20,37,34,7,1,1,1,1,0,0,98,2,0,Kiyosumi,0,0,0,0.9623837810028466,14.845032839303524,0.9833264251024578,9.92420253311909,0.979869616104878,11.179252857165565,0.9667399355760379,14.440903106789492,50,0,1.0,0,scape_most_green,,0.6748486291949779,0.3251513708050221,0.0,0.0,0.15319063882725997,0.0,0.0,0.07380936117274
170,171,227,0.22699999999999998,13,41,32,7,0,1,1,0,1,0,93,7,0,Kiyosumi,0,0,0,0.913585431803948,22.436020146184568,0.9684770020458828,13.614218257965096,0.9866881271648528,9.13194180397089,0.9796789462873792,11.352924243950932,43,7,0.86,2,scape_second_built,0.03273892651099502,0.8636940071586039,0.13630599284139605,0.0,0.0,0.19605853962500305,0.0,0.0,0.030941460374996902
171,172,158,0.158,13,27,44,16,1,1,1,1,0,0,100,0,0,Kiyosumi,0,0,0,0.9573639969556808,16.058486852751724,0.9870916758958086,8.971610553204332,0.9659913274679132,14.553660287974903,0.9676386466208104,14.27952246767244,50,0,1.0,3,scape_road_sky,,0.9107439106654156,0.08925608933458433,0.0,0.0,0.14389753788513568,0.0,0.0,0.014102462114864324
172,173,158,0.158,8,42,39,7,0,1,1,1,0,0,96,4,0,Kiyosumi,0,0,0,0.9040547757807486,24.97748986587723,0.9736942691118262,13.677032737030206,0.994538993909543,6.459542897484655,0.993773535638568,6.704653678780205,50,0,1.0,2,scape_second_built,0.041006228432222736,0.7994906467570633,0.0,0.0,0.2005093532429368,0.126319522187616,0.0,0.03168047781238402,0.0
173,174,235,0.235,4,43,46,7,0,1,1,0,1,0,100,0,-1,Kiyosumi,0,0,0,0.886298337271689,29.552918637589755,0.964339499384582,18.38255606130276,0.9857397973003064,12.555570919361301,0.9893421035431093,11.210822435599434,44,6,0.88,2,scape_second_built,,0.7240241537478445,0.0,0.0,0.27597584625215554,0.17014567613074344,0.0,0.06485432386925655,0.0
174,175,235,0.235,1,47,41,11,0,1,1,0,1,0,100,0,0,Kiyosumi,0,0,0,0.8463379710784036,33.73981327749162,0.9448948449714536,21.611599304304065,0.982731123492793,13.290687006739384,0.9876133038760572,11.657819774930553,37,13,0.74,2,scape_second_built,0.0344113518959492,0.5561744468622655,0.0,0.0,0.4438255531377345,0.13070099501263238,0.0,0.10429900498736759,0.0
175,176,294,0.294,7,37,39,12,0,1,1,0,1,0,95,5,0,Kiyosumi,0,0,0,0.9129923466223892,22.866460154558247,0.9825132211898636,10.429549856253702,0.9959937001275644,5.005899297606553,0.9990671621991042,2.5260547066428294,36,14,0.72,2,scape_second_built,0.008265690818230226,0.4076547781395277,0.0,0.0,0.5923452218604723,0.11985050477302114,0.0,0.17414949522697887,0.0
176,177,367,0.3670000000000001,3,17,47,28,0,0,0,0,1,0,95,5,0,Kiyosumi,0,0,0,0.8372663797218859,31.88847754283669,0.8875186248776701,26.66573127611159,0.8607938445040582,30.00098378016591,0.8792727736248047,28.041352683447,3,47,0.06,3,scape_road_sky,0.03660474373470003,0.2744901122321461,0.0,0.0,0.7255098877678537,0.10073787118919764,0.0,0.2662621288108024,0.0
177,178,215,0.215,6,51,32,7,0,1,1,0,1,0,96,4,0,Kiyosumi,0,0,0,0.8328469806349594,33.87292429064842,0.9246359866872872,23.401552364345932,0.9709751283116252,14.965817533447494,0.9679057317007612,15.562470118540823,36,14,0.72,1,scape_most_built,0.035355367936291675,0.14918898680336687,0.0,0.0,0.8508110131966332,0.032075632162723876,0.0,0.18292436783727614,0.0
178,179,215,0.215,2,61,28,8,0,1,1,0,1,0,99,1,0,Kiyosumi,0,0,0,0.7471781071769205,45.03193311418021,0.8609375380960302,34.69340936058641,0.929085188722907,25.936956152263605,0.9260704123080116,26.255762783912395,36,14,0.72,1,scape_most_built,0.010802616920282235,0.0,0.0,0.2818339093748562,0.7181660906251437,0.0,0.06059429051559408,0.15440570948440588,0.0
179,180,414,0.414,7,21,47,15,0,0,0,0,1,0,90,10,0,Kiyosumi,0,0,0,0.9132083722079184,22.61360210139021,0.9492898661193392,17.359347302692868,0.9208459826264505,22.09771544250169,0.9324942007960841,20.527179040605642,4,46,0.08,3,scape_road_sky,0.005973949553586255,0.0,0.0,0.4471080446458127,0.5528919553541873,0.0,0.18510273048336645,0.22889726951663356,0.0
180,181,414,0.414,0,63,30,6,0,1,1,0,1,0,99,1,0,Kiyosumi,0,0,0,0.7372700245690584,47.34844242422342,0.8547421575995221,36.86544756936766,0.9247908400683345,28.063482103576845,0.9230127654910336,28.166737108956713,23,27,0.46,1,scape_most_built,0.0064020495075942105,0.0,0.0,0.6561118340250919,0.3438881659749081,0.0,0.27163029928638804,0.14236970071361196,0.0
181,182,409,0.409,1,54,33,11,0,1,1,0,1,0,99,1,0,Kiyosumi,0,0,0,0.7936666279324232,39.15194758884928,0.9048063242253478,27.7061843829356,0.9613875412099884,18.60490153457177,0.9626817542154379,18.20430788019213,23,27,0.46,1,scape_most_built,,0.0,0.0,0.831096541413702,0.16890345858629796,0.0,0.33991848543820413,0.06908151456179586,0.0
182,183,409,0.409,0,25,50,24,0,0,0,1,0,0,99,1,0,Kiyosumi,0,0,0,0.8508952784076678,31.998046815391717,0.921251990957486,23.777025440023195,0.9132817492519762,24.786939325199288,0.9305631828069492,22.277471002914904,0,50,0.0,3,scape_road_sky,0.004861132625611041,0.0,0.0,0.821349580540335,0.178650419459665,0.0,0.335931978440997,0.07306802155900298,0.0
183,184,409,0.409,9,24,42,24,0,1,1,1,0,0,99,1,0,Kiyosumi,0,0,0,0.9089294390690628,23.094912859762,0.9534943761722021,16.576353947840328,0.935188870546706,19.970203498657146,0.9434449293851332,18.77773081613364,23,27,0.46,3,scape_road_sky,0.005682197355957053,0.0,0.0,0.9081119120714208,0.0918880879285791,0.0,0.3714177720372111,0.037582227962788844,0.0
184,185,376,0.376,3,22,49,25,0,1,1,1,0,0,99,1,0,Kiyosumi,0,0,0,0.8640706618972591,29.9311710429111,0.9209856188348728,23.13139045733732,0.9032612966863696,25.569689630063518,0.9190115838903152,23.469669721267852,23,27,0.46,3,scape_road_sky,0.008494316435183022,0.0,0.0,0.880000686093157,0.119999313906843,0.0,0.330880257971027,0.04511974202897297,0.0
185,186,333,0.33299999999999996,3,45,45,5,0,1,1,1,0,0,98,2,0,Kiyosumi,0,0,0,0.8722062238039309,31.374750995027828,0.9551051441382304,20.30280969798646,0.981841922162652,13.903561693960931,0.9853721253403658,12.707952765574145,23,27,0.46,2,scape_second_built,,0.0,0.0,0.8431223542824802,0.15687764571751978,0.0,0.28075974397606585,0.05224025602393408,0.0
186,187,333,0.33299999999999996,9,30,44,10,0,1,1,0,1,0,93,7,0,Kiyosumi,0,0,0,0.941520494936288,18.691575642518746,0.9866284086854932,9.066646658641387,0.976754719087952,12.01980425982239,0.9811055728494158,10.923979738782627,37,13,0.74,3,scape_road_sky,0.045146095009802996,0.0,0.0,0.7225440805283748,0.2774559194716251,0.0,0.24060717881594879,0.09239282118405115,0.0
187,188,393,0.39299999999999996,0,62,31,7,0,1,1,0,1,0,100,0,0,Kiyosumi,0,0,0,0.7465987408408234,46.366744548221206,0.8635800581805969,35.70799944675977,0.9317610410651376,26.82770386083096,0.93049782233737,26.85646740116505,23,27,0.46,1,scape_most_built,0.045709138293525374,0.0,0.0,0.7202621204079214,0.27973787959207863,0.0,0.2830630133203131,0.10993698667968689,0.0
188,189,393,0.39299999999999996,9,28,42,12,0,1,1,0,1,0,91,9,0,Kiyosumi,0,0,0,0.9393099116978358,18.5842675400458,0.9832217630690184,9.822921964383477,0.9705847376957759,13.508356467181509,0.9760041513705318,12.40967364599086,36,14,0.72,3,scape_road_sky,,0.0,0.0,0.5844377049504412,0.4155622950495588,0.0,0.22968401804552338,0.1633159819544766,0.0
189,190,143,0.14300000000000002,0,52,39,9,0,1,1,0,1,0,100,0,0,Kiyosumi,0,0,0,0.8172922491229171,37.8136879978666,0.9235274579056708,26.080722413933497,0.9717852439779756,17.327022088184815,0.9752022345096985,16.359066220877267,37,13,0.74,1,scape_most_built,0.012578481969529423,0.0,0.0,0.3454885431071135,0.6545114568928865,0.0,0.04940486166431724,0.09359513833568278,0.0
190,191,143,0.14300000000000002,0,44,33,19,0,1,1,0,1,0,96,4,0,Kiyosumi,0,0,0,0.8121294057474061,34.538022525906136,0.9229265022629956,22.454489119831987,0.9673235896234432,14.795011358938224,0.9748861002962296,12.995725793078616,36,14,0.72,2,scape_second_built,0.15188975772218058,0.0,0.0,0.042884747531528426,0.9571152524684716,0.0,0.0061325188970085655,0.13686748110299146,0.0
191,192,143,0.14300000000000002,8,47,35,9,0,1,1,0,1,0,99,1,0,Kiyosumi,0,0,0,0.8742945563951645,29.05813139209057,0.9546712524808596,18.12428745960424,0.9889717459253916,9.419431747427462,0.9858711372293129,10.335637223964314,37,13,0.74,2,scape_second_built,,0.2155810438046324,0.0,0.0,0.7844189561953676,0.030828089264062435,0.0,0.11217191073593757,0.0
192,193,83,0.083,2,49,32,11,0,1,1,0,1,0,94,6,0,Kiyosumi,0,0,0,0.8139874726529397,35.076701669341716,0.9194377129966441,23.583979342609958,0.969114497743708,14.910031112569072,0.9714458768541432,14.310613222138688,37,13,0.74,1,scape_most_built,0.1459177182518488,0.0,0.0,0.042281621265956616,0.9577183787340434,0.0,0.003509374565074399,0.0794906254349256,0.0
193,194,83,0.083,3,41,41,14,0,1,1,1,0,0,99,1,0,Kiyosumi,0,0,0,0.8764708235052582,28.772817032748108,0.9643272954839937,16.271923985936073,0.9898359279766384,9.058643815592806,0.9956696546096788,6.317021600783228,50,0,1.0,2,scape_second_built,,0.2983117817916764,0.0,0.0,0.7016882182083236,0.02475987788870914,0.0,0.058240122111290864,0.0
194,195,83,0.083,1,32,46,19,0,1,1,1,0,0,98,2,0,Kiyosumi,0,0,0,0.8746732536184111,28.738040990993102,0.9545961021189115,17.854285485677707,0.9615924382840172,16.280633518932177,0.9744332892478168,13.36068622893063,50,0,1.0,3,scape_road_sky,0.021228129194516717,0.0,0.0,0.4193371586872179,0.580662841312782,0.0,0.03480498417103908,0.04819501582896091,0.0
195,196,0,0.0,7,42,37,11,0,1,1,1,0,0,97,3,0,Kiyosumi,0,0,0,0.8938897289500451,25.86261781026816,0.9714436964199086,13.822489807910724,0.9966616449456641,4.896498181807528,0.9971387253150708,4.447221354708773,50,0,1.0,2,scape_second_built,0.012724560859561123,0.9789129261745216,0.0,0.0,0.0210870738254785,0.0,0.0,0.0,0.0
196,197,0,0.0,26,27,35,9,1,1,1,1,0,0,97,3,0,Kiyosumi,0,0,0,0.995831590914764,4.937104414532874,0.973267213867654,12.348675877128176,0.9357342078576132,19.74569221655982,0.9198015551274992,22.15601247717849,50,0,1.0,0,scape_most_green,0.047584567750751684,0.5199082088600916,0.4800917911399084,0.0,0.0,0.0,0.0,0.0,0.0
197,198,0,0.0,38,14,40,7,1,1,1,1,0,0,99,1,0,Kiyosumi,0,0,0,0.9589073891108272,16.36688730333291,0.867715855746914,28.78846140737781,0.7832016149464381,37.33821582656449,0.7614208851895278,39.32082125448277,50,0,1.0,0,scape_most_green,,0.1490371338562334,0.0,0.0,0.8509628661437666,0.0,0.0,0.0,0.0
198,199,0,0.0,31,14,44,6,1,1,1,1,0,0,95,5,0,Kiyosumi,0,0,0,0.973094313613128,13.014415084820369,0.9028341790341988,24.341113284284425,0.8235267413436265,33.31129479787766,0.8096005179238144,34.75035685553894,50,0,1.0,0,scape_most_green,0.003089245877991077,0.4760673173468172,0.0,0.0,0.5239326826531828,0.0,0.0,0.0,0.0
199,200,215,0.215,2,50,38,8,0,1,1,1,0,0,98,2,0,Kiyosumi,0,0,0,0.8348053972553331,34.890901392770004,0.9339832081550556,23.285276069496216,0.977860623944863,14.550797038115967,0.9800013668842008,13.815105604270375,50,0,1.0,2,scape_second_built,,0.0,0.0,0.9221827675149225,0.07781723248507763,0.0,0.19826929501570834,0.01673070498429169,0.0
200,201,215,0.215,1,59,33,7,0,1,1,1,0,0,100,0,0,Kiyosumi,0,0,0,0.7737671654510154,43.062454644388296,0.8852189120901659,32.26105252784047,0.9470174555801288,23.387511506024843,0.9460783823008828,23.373434927657947,23,27,0.46,1,scape_most_built,0.006154907336213302,0.0,0.0,0.9688049520739236,0.031195047926076486,0.0,0.20829306469589356,0.006706935304106445,0.0
201,202,215,0.215,28,22,37,13,1,1,1,1,0,0,100,0,-1,Kiyosumi,0,0,0,0.9917066984169092,6.846531968814577,0.9540227137693852,16.201536838163452,0.9014709049411256,24.359646161451344,0.8863742672388438,26.30347915909635,50,0,1.0,0,scape_most_green,0.02433469402823398,0.0,0.1004187684570452,0.8995812315429548,0.0,0.0,0.19340996478173528,0.0,0.021590035218264716
202,203,260,0.26,31,15,38,14,1,1,1,1,0,0,98,2,0,Kiyosumi,0,0,0,0.9733742455520468,12.283118496538249,0.9092586814144308,22.789184688696302,0.8351960988492726,31.4532832591095,0.820096979928967,33.036295576181445,50,0,1.0,0,scape_most_green,0.1076926950760416,0.0,0.23055501120550875,0.7694449887944913,0.0,0.0,0.20005569708656776,0.0,0.05994430291343228
203,204,260,0.26,1,46,31,22,0,1,1,1,0,0,100,0,0,Kiyosumi,0,0,0,0.7964328223722984,36.542783145239504,0.9083269570954636,24.96691688566112,0.9567223940914642,17.403803064592267,0.9622447797368128,16.273456818555697,23,27,0.46,2,scape_second_built,,0.0,0.04946958120286666,0.9505304187971332,0.0,0.0,0.24713790888725465,0.0,0.012862091112745331
204,205,465,0.465,5,42,40,12,0,1,1,1,0,0,99,1,0,Kiyosumi,0,0,0,0.8869150132198493,27.465887933944536,0.9692232023066764,15.134768729313176,0.9943982411066994,7.022038719472983,0.9974070411891252,5.130054611547552,23,27,0.46,2,scape_second_built,0.09146916119286776,0.0,0.00195075054847725,0.9980492494515228,0.0,0.0,0.46409290099495815,0.0,0.0009070990050419213
205,206,562,0.562,10,22,39,2,0,0,0,1,0,0,73,27,0,Kiyosumi,0,0,0,0.8483754065249182,29.332149597327504,0.8651288088047728,27.79884008738641,0.8367845211591729,31.31787074144373,0.8425657940730967,30.939777653852676,7,43,0.14,0,scape_most_green,0.09426962984272344,0.0,0.10462961140486836,0.8953703885951316,0.0,0.0,0.503198158390464,0.0,0.058801841609536026
206,207,353,0.353,5,33,42,19,0,1,1,1,0,0,99,1,0,Kiyosumi,0,0,0,0.8990665850316426,25.007498875337372,0.9710674879633928,13.677032737030206,0.9778215611775842,11.925841456452641,0.9858087705246312,9.561828874675152,23,27,0.46,3,scape_road_sky,,0.0,0.18303618055111892,0.816963819448881,0.0,0.0,0.28838822826545496,0.0,0.06461177173454498
207,208,353,0.353,2,35,43,2,0,0,0,1,0,0,82,18,0,Kiyosumi,0,0,0,0.8517081651453432,30.78757866413012,0.9214737642988464,22.669767695036906,0.9317465248940916,21.251879001893247,0.9405751089084198,19.880595947760106,10,40,0.2,2,scape_second_built,,0.0,0.3474028454931539,0.6525971545068461,0.0,0.0,0.23036679554091666,0.0,0.12263320445908332
208,209,249,0.249,29,21,33,13,1,1,1,1,0,0,96,4,0,Kiyosumi,0,0,0,0.9860575807348688,9.076067430335671,0.9403551252339244,18.289062193517946,0.8847999512266064,26.1050894356722,0.8677336222634756,28.106938645110393,50,0,1.0,0,scape_most_green,0.002394119784623066,0.0,0.5050317915454129,0.4949682084545872,0.0,0.0,0.12324708390519222,0.0,0.12575291609480782
209,210,249,0.249,1,43,34,20,1,1,1,1,0,0,98,2,0,Kiyosumi,0,0,0,0.8248418400162677,33.404715236026185,0.9308987789455933,21.338859828386106,0.9711210162911512,13.951428640505286,0.9782046202688388,12.143323987291016,49,1,0.98,2,scape_second_built,,0.06406593972409652,0.0,0.0,0.9359340602759036,0.015952418991300035,0.0,0.23304758100870002,0.0
210,211,249,0.249,6,21,45,27,0,0,0,1,0,0,99,1,0,Kiyosumi,0,0,0,0.8729304894664129,27.97096709089623,0.9218345544723904,22.075935739522123,0.9004236165503076,25.190455092708785,0.9136791751970004,23.543947424284237,10,40,0.2,3,scape_road_sky,0.04007980735815417,0.0,0.7015901264241702,0.29840987357582976,0.0,0.0,0.0743040585203816,0.0,0.17469594147961837
211,212,348,0.348,9,29,39,22,0,0,0,1,0,0,99,1,0,Kiyosumi,0,0,0,0.9154794208692566,22.08789261111164,0.9705212288230348,13.100864592126145,0.9655179448920316,14.57368728603407,0.9710056024707726,13.51659767465218,10,40,0.2,3,scape_road_sky,0.01649099406768973,0.11911047266050727,0.0,0.0,0.8808895273394928,0.041450444485856525,0.0,0.3065495555141435,0.0
212,213,348,0.348,25,21,33,15,1,0,0,1,0,0,94,6,0,Kiyosumi,0,0,0,0.9838553800526808,10.068515282801133,0.9544583064880092,16.183892218713606,0.9047746938815872,23.88812175770861,0.8926352689387324,25.48264270763689,10,40,0.2,0,scape_most_green,0.0018316884210771663,0.0,0.7019334591088305,0.2980665408911695,0.0,0.0,0.10372715623012699,0.0,0.24427284376987302
213,214,348,0.348,6,47,36,10,0,0,0,1,0,0,99,1,0,Kiyosumi,0,0,0,0.8656540314852159,30.23036552871963,0.9524987370594774,18.75187065498332,0.9887811577384141,9.741271021335518,0.9880133243468524,9.8383764307761,9,41,0.18,2,scape_second_built,0.014401720150885196,0.0,0.6109563677071987,0.3890436322928013,0.0,0.0,0.13538718403789485,0.0,0.21261281596210516
214,215,447,0.447,7,43,40,9,0,0,0,1,0,0,99,1,0,Kiyosumi,0,0,0,0.8970462991584989,26.445699083215786,0.9720361789657876,14.7232982107978,0.995589770690578,6.662759271586442,0.9957614694738176,6.324555320336758,9,41,0.18,2,scape_second_built,,0.0,0.5543305588791451,0.445669441120855,0.0,0.0,0.19921424018102218,0.0,0.24778575981897785
215,216,447,0.447,8,24,46,16,0,0,0,1,0,0,94,6,0,Kiyosumi,0,0,0,0.9284816848351328,20.600364074452663,0.9687926770983442,13.687473790861125,0.9467792252719014,18.153760706194674,0.9558290431398964,16.641886339967023,9,41,0.18,3,scape_road_sky,0.014317772848729603,0.0,0.4536630275183029,0.5463369724816971,0.0,0.0,0.24421262669931862,0.0,0.2027873733006814
216,217,534,0.534,14,40,26,14,0,0,0,1,0,0,94,6,0,Kiyosumi,0,0,0,0.8935159102426572,24.318203058614344,0.9518181016876758,16.507264943604902,0.9741113018131574,12.905774977806553,0.966001399193624,14.817407180595243,9,41,0.18,2,scape_second_built,0.0981596457109806,0.0,0.4375136459310113,0.5624863540689887,0.0,0.0,0.30036771307284,0.0,0.23363228692716004
217,218,534,0.534,4,41,40,15,0,0,0,1,0,0,100,0,0,Kiyosumi,0,0,0,0.8795657215629685,28.25553043211187,0.9656341804404828,15.826869428865814,0.990898485379916,8.474020756274896,0.9956751508914904,6.107502542086028,7,43,0.14,2,scape_second_built,0.058934629522470965,0.0,0.30118022721474585,0.6988197727852542,0.0,0.0,0.37316975866732577,0.0,0.1608302413326743
218,219,680,0.68,3,46,42,9,0,0,0,1,0,0,100,0,0,Kiyosumi,0,0,0,0.8654797684972493,31.589159532979032,0.9548563845401165,19.782490712130013,0.9870534182801288,11.862786116441805,0.9902671288149582,10.587503865181727,7,43,0.14,2,scape_second_built,,0.0,0.2796048497591889,0.7203951502408109,0.0,0.0,0.48986870216375145,0.0,0.1901312978362485
219,220,680,0.68,11,33,41,11,0,0,0,1,0,0,96,4,0,Kiyosumi,0,0,0,0.9494572458322524,17.302456472998276,0.9957939693466804,5.146823867043379,0.9923329588580928,6.938469651955763,0.9927652461306916,6.856812161338026,7,43,0.14,3,scape_road_sky,0.024827371824893245,0.0,0.18350866337863386,0.8164913366213662,0.0,0.0,0.5552141089025291,0.0,0.12478589109747104
220,221,756,0.7559999999999999,10,46,35,3,0,0,0,1,0,0,94,6,0,Kiyosumi,0,0,0,0.883539168673882,27.67444669726931,0.951254696261958,18.36700679957163,0.9796008006049052,12.00940025332008,0.9742010651634778,13.366625103842278,7,43,0.14,2,scape_second_built,0.023457236723556686,0.0,0.21442136667615885,0.7855786333238411,0.0,0.0,0.5938974467928239,0.0,0.16210255320717606
221,222,938,0.938,3,52,42,1,0,0,0,0,1,0,98,2,0,Kiyosumi,0,0,0,0.8385271407444845,36.59064087987528,0.928036079600102,26.304341226248933,0.9677900220668992,19.019087634385734,0.9679359104810016,18.77096711278368,1,49,0.02,2,scape_second_built,0.0008653692869404242,0.0,0.2903796643806084,0.7096203356193915,0.0,0.0,0.6656238748109892,0.0,0.27237612518901066
222,223,865,0.865,0,52,44,4,0,0,0,1,0,0,100,0,-2,Kiyosumi,0,0,0,0.8282819272829766,38.3715389318698,0.9266914997801564,27.337646913652065,0.9686888733976694,19.733027165417656,0.9720486928392106,18.81404406203658,7,43,0.14,2,scape_second_built,0.0005645933616535943,0.0,0.3105175530567138,0.6894824469432862,0.0,0.0,0.5964023166059426,0.0,0.26859768339405743
223,224,728,0.728,17,38,33,12,0,0,0,1,0,0,100,0,0,Kiyosumi,0,0,0,0.9450213881827764,17.899022319668752,0.9835082956504216,9.851965514038096,0.989134322071476,8.280037909199315,0.9793943505382356,11.433728994958676,7,43,0.14,0,scape_most_green,0.0591202770727981,0.0,0.4159382684754541,0.5840617315245459,0.0,0.0,0.4251969405498694,0.0,0.3028030594501306
224,225,728,0.728,4,26,47,20,0,0,0,0,1,0,97,3,0,Kiyosumi,0,0,0,0.8940781541252808,25.833602149139015,0.9539549827340008,17.29338672700625,0.9432210844053504,19.187036277422084,0.9559351083562092,16.953718513310626,1,49,0.02,3,scape_road_sky,0.05972910773676018,0.0,0.4964437075996424,0.5035562924003576,0.0,0.0,0.36658898086746033,0.0,0.36141101913253965
225,226,641,0.6409999999999999,17,36,38,6,0,0,0,1,0,0,97,3,0,Kiyosumi,0,0,0,0.9641702149130356,14.709690683355653,0.9918618907050136,7.165677830848259,0.9872161375354016,8.924256894056285,0.9785604731694464,11.630556361148045,9,41,0.18,0,scape_most_green,,0.0,0.5381811772918531,0.4618188227081469,0.0,0.0,0.2960258653559221,0.0,0.3449741346440778
226,227,547,0.547,0,46,43,3,0,0,0,1,0,0,92,8,0,Kiyosumi,0,0,0,0.8395459424699471,34.52354269190809,0.9324390619528322,23.608196432076515,0.9662911524050132,17.235400424062615,0.9721121583291552,15.820420799893858,9,41,0.18,2,scape_second_built,0.022973615963583587,0.0,0.6453076502807767,0.35469234971922325,0.0,0.0,0.19401671529641515,0.0,0.3529832847035849
227,228,547,0.547,15,39,33,8,0,0,0,1,0,0,95,5,0,Kiyosumi,0,0,0,0.9362452979007744,19.180067778816632,0.9807182975948012,10.5926428068095,0.9907620428267232,7.717449564317072,0.9824728558376368,10.617445960783538,9,41,0.18,2,scape_second_built,0.026182959230161583,0.0,0.8126102950351578,0.1873897049648421,0.0,0.0,0.10250216861576865,0.0,0.4444978313842314
228,229,547,0.547,17,41,33,3,0,0,0,1,0,0,94,6,0,Kiyosumi,0,0,0,0.9293361701696858,20.62462120864284,0.9656895494117859,14.468826447763837,0.9755936802846468,12.341354373721625,0.9638847279170816,15.09230856356236,5,45,0.1,2,scape_second_built,,0.0,0.7785454475375628,0.22145455246243714,0.0,0.0,0.12113564019695312,0.0,0.4258643598030469
229,230,547,0.547,4,50,38,7,0,0,0,0,1,0,99,1,0,Kiyosumi,0,0,0,0.8472161593263472,33.643350011555036,0.9396333100112816,22.416284168397922,0.9806488689247984,13.825424445965885,0.9806898665501532,13.607887535345194,1,49,0.02,2,scape_second_built,0.03844232985958807,0.0,0.7048002678417176,0.29519973215828244,0.0,0.0,0.1614742534905805,0.0,0.38552574650941956
230,231,595,0.595,22,31,31,7,0,0,0,0,1,0,91,9,0,Kiyosumi,0,0,0,0.9718545678485448,12.624381172952598,0.9718641204202124,12.8030608585189,0.9526798838652988,17.27403719780385,0.9385623597738544,19.66303436997761,1,49,0.02,0,scape_most_green,0.0354601981559152,0.0,0.629039757750824,0.3709602422491761,0.0,0.0,0.22072134413825978,0.0,0.37427865586174025
231,232,732,0.732,0,53,33,14,0,0,0,0,1,0,100,0,0,Kiyosumi,0,0,0,0.7887386576047195,39.4319033271284,0.9036966593260432,27.69587017029427,0.9605553899669091,18.618334004714576,0.9634899368371748,17.89918859560266,1,49,0.02,1,scape_most_built,,0.0,0.5709095465186503,0.4290904534813497,0.0,0.0,0.31409421194834797,0.0,0.417905788051652
232,233,732,0.732,5,32,43,18,0,0,0,0,1,0,98,2,0,Kiyosumi,0,0,0,0.9041559086069488,24.338755103743487,0.9731722968783892,13.155273637967243,0.9766910515381682,12.202145758476709,0.9851589194461948,9.762253187742436,1,49,0.02,3,scape_road_sky,0.0034965034965034965,0.0,0.5298996697885014,0.4701003302114986,0.0,0.0,0.34411344171481695,0.0,0.38788655828518304
233,234,782,0.782,0,51,35,14,0,0,0,0,1,0,100,0,-1,Kiyosumi,0,0,0,0.8045012808663705,37.73426824519061,0.9164423896097792,25.749975232799663,0.9684342487406296,16.71752656478955,0.9723859572152912,15.689446458008964,1,49,0.02,1,scape_most_built,,0.0,0.524331972714687,0.475668027285313,0.0,0.0,0.3719723973371148,0.0,0.41002760266288524
234,235,782,0.782,7,41,32,20,0,0,0,0,1,0,100,0,0,Kiyosumi,0,0,0,0.8645176503779921,28.615992032428302,0.9498661571254938,17.563877587775636,0.9798638905605088,11.253548822976294,0.9810776058706788,10.958797292369175,1,49,0.02,2,scape_second_built,0.011248975115806494,0.0,0.4592778978399421,0.5407221021600579,0.0,0.0,0.4228446838891653,0.0,0.35915531611083473
235,236,878,0.878,1,44,43,11,0,0,0,0,1,0,99,1,0,Kiyosumi,0,0,0,0.8600033984948208,31.90415333463655,0.9537294984666488,19.68838878784205,0.9846247459639048,12.260058228971744,0.990981699567068,10.014275524755364,1,49,0.02,2,scape_second_built,0.02559531539483284,0.0,0.4371413854027294,0.5628586145972706,0.0,0.0,0.4941898636164036,0.0,0.3838101363835964
236,237,878,0.878,4,39,39,15,0,0,0,0,1,0,97,3,0,Kiyosumi,0,0,0,0.8840833960995295,26.932786710624647,0.9686935875725234,14.359807855004645,0.9912912889364408,7.60870298481358,0.9970077009245218,4.496912521077347,1,49,0.02,2,scape_second_built,0.018414011584807467,0.0,0.3586345700396478,0.6413654299603522,0.0,0.0,0.5631188475051893,0.0,0.3148811524948108
237,238,1014,1.014,2,45,42,8,0,0,0,0,1,0,97,3,0,Kiyosumi,0,0,0,0.8622464022789069,31.49404705654705,0.9530411288310132,19.61569550650911,0.9847992867822088,12.009400253320086,0.9894098501258172,10.344847655517842,1,49,0.02,2,scape_second_built,,0.0,0.33350526568413164,0.6664947343158684,0.0,0.0,0.6758256605962906,0.0,0.3381743394037095
238,239,1158,1.158,3,46,43,6,0,0,0,0,1,0,98,2,0,Kiyosumi,0,0,0,0.8667245880610018,31.644509792379466,0.953215581564004,20.267597543963657,0.9838373046657444,13.002270100939212,0.9868880105667288,11.888369666751338,1,49,0.02,2,scape_second_built,,0.0,0.3869653370258738,0.6130346629741262,0.0,0.0,0.7098941397240381,0.0,0.44810586027596183
239,240,1158,1.158,1,50,43,4,0,0,0,0,1,0,98,2,0,Kiyosumi,0,0,0,0.8390502054672241,36.032971012671155,0.933904093287116,24.944018955105314,0.9729073931102632,17.408590631575485,0.9760808390873772,16.478942792411033,1,49,0.02,2,scape_second_built,,0.0,0.4120120810472129,0.5879879189527871,0.0,0.0,0.6808900101473274,0.0,0.4771099898526725
240,241,1019,1.0190000000000001,3,45,41,8,0,0,0,0,1,0,97,3,0,Kiyosumi,0,0,0,0.8669599974689239,30.67368579091857,0.9555930969775742,18.827899402704684,0.9870501805711474,10.964747805783977,0.9905690981588084,9.560168690814267,1,49,0.02,2,scape_second_built,,0.0,0.4811646041506884,0.5188353958493116,0.0,0.0,0.5286932683704486,0.0,0.4903067316295515
241,242,935,0.935,8,33,38,7,0,0,0,0,1,0,86,14,0,Kiyosumi,0,0,0,0.9108244062104252,22.502777606331183,0.9657060752997978,14.02766945020026,0.9684151569664926,13.98722135061539,0.9717344661983872,13.41995670988689,1,49,0.02,2,scape_second_built,,0.0,0.5021954602774744,0.4978045397225256,0.0,0.0,0.4654472446405615,0.0,0.4695527553594386
242,243,935,0.935,2,55,33,6,0,0,0,0,1,0,96,4,0,Kiyosumi,0,0,0,0.7947481120010399,39.24124106090429,0.9004439639919689,28.42893036385037,0.9562571371530196,19.75202169680641,0.9557666251733938,19.70738319465454,1,49,0.02,1,scape_most_built,0.03656659981533129,0.0,0.5567793590153056,0.4432206409846944,0.0,0.0,0.41441129932068926,0.0,0.5205887006793107
243,244,883,0.883,6,55,26,12,0,0,0,0,1,0,99,1,0,Kiyosumi,0,0,0,0.7843734143496203,38.89569384906253,0.8865896306815279,28.857850062055586,0.9455433023288276,20.49127524365214,0.9407323743916862,21.24012375535644,1,49,0.02,1,scape_most_built,0.03683971267341892,0.0,0.5920085844771503,0.4079914155228497,0.0,0.0,0.3602564199066763,0.0,0.5227435800933238
244,245,794,0.794,3,48,31,6,0,0,0,0,1,0,88,12,0,Kiyosumi,0,0,0,0.8099066644502924,34.93386609008513,0.9076785915201332,24.66758593617072,0.9543152991448539,17.561103641602685,0.9554942760711992,17.340657793129207,1,49,0.02,1,scape_most_built,0.013514392136678974,0.0,0.6467679275035778,0.35323207249642224,0.0,0.0,0.28046626556215926,0.0,0.5135337344378408
245,246,794,0.794,0,52,43,5,0,0,0,0,1,0,100,0,0,Kiyosumi,0,0,0,0.8267747971955521,38.15593007646387,0.9267764885172284,26.9428722920727,0.9700198444284496,19.067223913768306,0.9733932864560636,18.130041718054944,1,49,0.02,2,scape_second_built,0.035799843060651,0.0,0.7249547209905757,0.2750452790094243,0.0,0.0,0.21838595153348292,0.0,0.5756140484665171
246,247,765,0.765,1,48,43,6,0,0,0,0,1,0,98,2,0,Kiyosumi,0,0,0,0.847196541375698,34.443794796740974,0.9416451152618441,22.964035768468708,0.9780552964120678,15.369635468821128,0.9822340320849198,14.099420228989944,1,49,0.02,2,scape_second_built,0.010942520914823015,0.0,0.7986999006864209,0.20130009931357906,0.0,0.0,0.153994575974888,0.0,0.611005424025112
247,248,875,0.875,3,44,43,7,0,0,0,0,1,0,97,3,0,Kiyosumi,0,0,0,0.8734929947707853,30.23036552871963,0.9584963535493742,18.59888080898791,0.9859756530322455,11.59636557048994,0.9899877575422888,10.077477638553985,1,49,0.02,2,scape_second_built,0.019954907887482127,0.0,0.6981580349415051,0.3018419650584949,0.0,0.0,0.26411171942618306,0.0,0.6108882805738169
248,249,1055,1.055,14,20,49,15,0,0,0,0,1,0,98,2,0,Kiyosumi,0,0,0,0.9530001629018948,17.23006094011278,0.9620842802272582,15.516942682245158,0.9203147614037632,22.52537149773808,0.9243682108481908,22.027399964733682,1,49,0.02,3,scape_road_sky,0.007505418037180509,0.0,0.6254321089510828,0.3745678910489173,0.0,0.0,0.39516912505660773,0.0,0.6598308749433923
249,250,1065,1.065,6,37,45,12,0,0,0,0,1,0,100,0,0,Kiyosumi,0,0,0,0.9121681406374766,24.53314085069419,0.9800969206476868,12.81421404662233,0.9894653773646468,9.218226209225096,0.9940153186833828,7.1713716560063645,1,49,0.02,2,scape_second_built,0.008886857124521383,0.0,0.58344609404762,0.41655390595238,0.0,0.0,0.4436299098392847,0.0,0.6213700901607153
250,251,1101,1.101,4,37,42,12,0,0,0,0,1,0,95,5,0,Kiyosumi,0,0,0,0.8968298199826564,25.53184286337357,0.9740248372301468,13.252647020924707,0.989079571035566,8.547457386719035,0.9957047734911216,5.407226205560043,1,49,0.02,2,scape_second_built,0.005668736640042036,0.0,0.5357485028885198,0.4642514971114802,0.0,0.0,0.5111408983197397,0.0,0.5898591016802603
251,252,1199,1.199,8,33,40,18,0,0,0,0,1,0,99,1,0,Kiyosumi,0,0,0,0.9191230467506792,21.974416943345734,0.9817815943162824,10.565635478343195,0.9855414288515209,9.489943507617827,0.9899640347993062,7.9900732062522355,1,49,0.02,3,scape_road_sky,0.010335882430294149,0.0,0.4561178601293499,0.54388213987065,0.0,0.0,0.6521146857049094,0.0,0.5468853142950906
252,253,938,0.938,0,48,48,1,0,0,0,1,0,0,97,3,0,Kiyosumi,0,0,0,0.8436330341421959,36.7134171659354,0.9326861792905736,26.331481894787284,0.9641995845926348,20.39139592518811,0.9691974274527734,19.195733652981087,0,50,0.0,2,scape_second_built,,0.0,0.2335027874948189,0.7664972125051809,0.0,0.0,0.7189743853298596,0.0,0.21902561467014012
253,254,1042,1.042,2,50,46,0,0,0,0,1,0,0,98,2,0,Kiyosumi,0,0,0,0.8459158209827046,36.515407706884496,0.932315332491708,26.412736568959012,0.9661242017689023,20.059719866217254,0.9682376828573164,19.41689658559969,0,50,0.0,2,scape_second_built,,0.0,0.005911065870111858,0.9940889341298882,0.0,0.0,1.0358406693633435,0.0,0.006159330636656556
254,255,761,0.7609999999999999,0,57,37,4,0,0,0,1,0,0,98,2,0,Kiyosumi,0,0,0,0.7897028860775471,41.783669058616674,0.8977412926627206,30.894818269709358,0.9536809958648844,22.36386283965968,0.9545606271916366,22.021634384222725,0,50,0.0,1,scape_most_built,0.0072387466785650565,0.0,0.0,0.8472993595954585,0.1527006404045415,0.0,0.6447948126521439,0.11620518734785608,0.0
255,256,761,0.7609999999999999,2,56,36,6,0,0,0,0,1,0,100,0,0,Kiyosumi,0,0,0,0.8037348013715517,39.79164485165196,0.9076552724052172,28.912252892968038,0.9613473813845048,20.200470979107834,0.9607695291016872,20.11553928272669,0,50,0.0,1,scape_most_built,0.03730045508476711,0.0,0.0,0.6225847880271809,0.3774152119728192,0.0,0.4737870236886846,0.28721297631131537,0.0
256,257,664,0.664,9,34,48,1,0,0,0,1,0,0,92,8,0,Kiyosumi,0,0,0,0.924996708996484,22.931964590937252,0.9674635209750079,15.799767500226848,0.9614528732534752,16.604990046502422,0.9634205837352582,16.153037947105645,0,50,0.0,2,scape_second_built,0.021018363951043343,0.0,0.0,0.7539350636278919,0.2460649363721081,0.0,0.5006128822489202,0.16338711775107978,0.0
257,258,664,0.664,16,46,30,5,0,0,0,1,0,0,97,3,0,Kiyosumi,0,0,0,0.8960067647713166,25.59052559053839,0.9474147490727958,18.41361519337785,0.9721931668038746,13.465104076009874,0.9596179577994328,16.225592170082454,0,50,0.0,2,scape_second_built,0.027905138514739868,0.0,0.0,0.9125467699025456,0.08745323009745441,0.0,0.6059310552152903,0.05806894478470973,0.0
